SEASON,DATE_TIME,TEAM_HOME,TEAM_AWAY,FTG_HOME,FTG_AWAY,HTG_HOME,HTG_AWAY
2017/2017,4/15/2017,PS BARITO PUTERA,MITRA KUKAR,2,1,0,1
2017/2017,4/15/2017,PERSIB BANDUNG,AREMA FC,0,0,0,0
2017/2017,4/16/2017,MADURA UNITED,BALI UNITED,2,0,1,0
2017/2017,4/16/2017,PERSIBA BALIKPAPAN,PERSIJA JAKARTA,0,2,0,0
2017/2017,4/16/2017,PSM MAKASSAR,PERSELA LAMONGAN,3,1,3,0
2017/2017,4/17/2017,PERSIKABO 1973,BORNEO FC,2,2,1,1
2017/2017,4/17/2017,SEMEN PADANG,SRIWIJAYA FC,1,1,0,0
2017/2017,4/18/2017,PERSIPURA JAYAPURA,GRESIK UNITED,1,1,1,1
2017/2017,4/20/2017,BHAYANGKARA FC,PERSERU SERUI,2,1,1,0
2017/2017,4/21/2017,GRESIK UNITED,SEMEN PADANG,1,3,1,1
2017/2017,4/21/2017,PERSELA LAMONGAN,MADURA UNITED,2,0,1,0
2017/2017,4/22/2017,SRIWIJAYA FC,BORNEO FC,1,0,1,0
2017/2017,4/22/2017,PERSIJA JAKARTA,PS BARITO PUTERA,1,1,0,0
2017/2017,4/22/2017,PERSIKABO 1973,PERSIB BANDUNG,2,2,0,0
2017/2017,4/23/2017,BALI UNITED,PERSIPURA JAYAPURA,1,2,1,2
2017/2017,4/23/2017,AREMA FC,BHAYANGKARA FC,2,0,1,0
2017/2017,4/24/2017,MITRA KUKAR,PSM MAKASSAR,1,1,0,1
2017/2017,4/25/2017,PERSERU SERUI,PERSIBA BALIKPAPAN,2,1,2,0
2017/2017,4/28/2017,MADURA UNITED,MITRA KUKAR,2,2,1,1
2017/2017,4/28/2017,SEMEN PADANG,PERSIPURA JAYAPURA,1,0,0,0
2017/2017,4/29/2017,BHAYANGKARA FC,PERSIKABO 1973,1,2,0,1
2017/2017,4/29/2017,BORNEO FC,GRESIK UNITED,3,0,1,0
2017/2017,4/29/2017,PERSIB BANDUNG,SRIWIJAYA FC,2,0,1,0
2017/2017,4/30/2017,PERSELA LAMONGAN,BALI UNITED,0,1,0,1
2017/2017,4/30/2017,PS BARITO PUTERA,PERSERU SERUI,2,0,2,0
2017/2017,4/30/2017,PSM MAKASSAR,PERSIJA JAKARTA,1,0,0,0
2017/2017,5/1/2017,PERSIBA BALIKPAPAN,AREMA FC,0,1,0,0
2017/2017,5/2/2017,PERSIPURA JAYAPURA,BORNEO FC,2,1,0,0
2017/2017,5/3/2017,MITRA KUKAR,PERSELA LAMONGAN,3,2,1,0
2017/2017,5/3/2017,GRESIK UNITED,PERSIB BANDUNG,0,1,0,0
2017/2017,5/3/2017,SRIWIJAYA FC,BHAYANGKARA FC,1,2,0,1
2017/2017,5/4/2017,PERSERU SERUI,PSM MAKASSAR,1,2,1,1
2017/2017,5/4/2017,BALI UNITED,SEMEN PADANG,2,0,1,0
2017/2017,5/4/2017,PERSIJA JAKARTA,MADURA UNITED,0,1,0,0
2017/2017,5/5/2017,PERSIKABO 1973,PERSIBA BALIKPAPAN,1,1,0,1
2017/2017,5/5/2017,AREMA FC,PS BARITO PUTERA,1,0,1,0
2017/2017,5/7/2017,BHAYANGKARA FC,GRESIK UNITED,2,1,1,1
2017/2017,5/7/2017,PERSIB BANDUNG,PERSIPURA JAYAPURA,1,0,0,0
2017/2017,5/8/2017,BORNEO FC,SEMEN PADANG,1,0,0,0
2017/2017,5/8/2017,MADURA UNITED,PERSERU SERUI,1,1,1,1
2017/2017,5/9/2017,PS BARITO PUTERA,PERSIKABO 1973,0,1,0,1
2017/2017,5/9/2017,PERSIBA BALIKPAPAN,SRIWIJAYA FC,0,2,0,1
2017/2017,5/10/2017,PERSELA LAMONGAN,PERSIJA JAKARTA,1,0,1,0
2017/2017,5/10/2017,MITRA KUKAR,BALI UNITED,2,1,0,1
2017/2017,5/10/2017,PSM MAKASSAR,AREMA FC,1,0,0,0
2017/2017,5/12/2017,PERSIPURA JAYAPURA,BHAYANGKARA FC,3,1,1,0
2017/2017,5/12/2017,GRESIK UNITED,PERSIBA BALIKPAPAN,2,1,2,0
2017/2017,5/13/2017,PERSERU SERUI,PERSELA LAMONGAN,0,0,0,0
2017/2017,5/13/2017,SRIWIJAYA FC,PS BARITO PUTERA,3,2,2,1
2017/2017,5/13/2017,SEMEN PADANG,PERSIB BANDUNG,0,0,0,0
2017/2017,5/14/2017,PERSIJA JAKARTA,MITRA KUKAR,1,1,1,0
2017/2017,5/14/2017,AREMA FC,MADURA UNITED,1,1,0,0
2017/2017,5/14/2017,BALI UNITED,BORNEO FC,3,0,2,0
2017/2017,5/15/2017,PERSIKABO 1973,PSM MAKASSAR,2,1,1,0
2017/2017,5/19/2017,PS BARITO PUTERA,GRESIK UNITED,2,0,2,0
2017/2017,5/19/2017,MADURA UNITED,PERSIKABO 1973,4,1,2,0
2017/2017,5/20/2017,BHAYANGKARA FC,SEMEN PADANG,1,0,1,0
2017/2017,5/20/2017,MITRA KUKAR,PERSERU SERUI,1,0,1,0
2017/2017,5/20/2017,PERSIB BANDUNG,BORNEO FC,2,2,2,1
2017/2017,5/21/2017,PSM MAKASSAR,SRIWIJAYA FC,1,0,0,0
2017/2017,5/21/2017,PERSELA LAMONGAN,AREMA FC,4,0,2,0
2017/2017,5/21/2017,PERSIJA JAKARTA,BALI UNITED,0,0,0,0
2017/2017,5/22/2017,PERSIBA BALIKPAPAN,PERSIPURA JAYAPURA,0,2,0,2
2017/2017,5/27/2017,SRIWIJAYA FC,MADURA UNITED,0,0,0,0
2017/2017,5/27/2017,PERSIKABO 1973,PERSELA LAMONGAN,3,2,2,0
2017/2017,5/28/2017,AREMA FC,MITRA KUKAR,2,0,0,0
2017/2017,5/28/2017,GRESIK UNITED,PSM MAKASSAR,1,1,0,0
2017/2017,5/29/2017,BORNEO FC,BHAYANGKARA FC,3,0,1,0
2017/2017,5/29/2017,SEMEN PADANG,PERSIBA BALIKPAPAN,2,1,1,0
2017/2017,5/30/2017,PERSIPURA JAYAPURA,PS BARITO PUTERA,3,1,2,1
2017/2017,5/31/2017,BALI UNITED,PERSIB BANDUNG,1,0,1,0
2017/2017,6/1/2017,MADURA UNITED,GRESIK UNITED,3,2,2,1
2017/2017,6/1/2017,PERSELA LAMONGAN,SRIWIJAYA FC,2,1,0,0
2017/2017,6/2/2017,MITRA KUKAR,PERSIKABO 1973,5,3,2,1
2017/2017,6/2/2017,PERSIJA JAKARTA,AREMA FC,2,0,2,0
2017/2017,6/3/2017,PERSIBA BALIKPAPAN,BORNEO FC,3,2,2,0
2017/2017,6/3/2017,PS BARITO PUTERA,SEMEN PADANG,3,1,1,1
2017/2017,6/3/2017,PSM MAKASSAR,PERSIPURA JAYAPURA,5,1,2,0
2017/2017,6/4/2017,PERSERU SERUI,BALI UNITED,1,3,0,2
2017/2017,6/4/2017,BHAYANGKARA FC,PERSIB BANDUNG,2,0,1,0
2017/2017,6/5/2017,GRESIK UNITED,PERSELA LAMONGAN,0,2,0,2
2017/2017,6/7/2017,MADURA UNITED,PERSIPURA JAYAPURA,2,0,1,0
2017/2017,6/7/2017,BORNEO FC,PS BARITO PUTERA,2,1,0,0
2017/2017,6/7/2017,SRIWIJAYA FC,MITRA KUKAR,3,1,3,0
2017/2017,6/8/2017,PERSIKABO 1973,PERSIJA JAKARTA,0,2,0,1
2017/2017,6/8/2017,SEMEN PADANG,PSM MAKASSAR,2,1,1,1
2017/2017,6/9/2017,BALI UNITED,BHAYANGKARA FC,1,3,0,1
2017/2017,6/10/2017,AREMA FC,PERSERU SERUI,0,0,0,0
2017/2017,6/11/2017,PERSIB BANDUNG,PERSIBA BALIKPAPAN,1,0,0,0
2017/2017,6/12/2017,MADURA UNITED,SEMEN PADANG,6,0,3,0
2017/2017,6/13/2017,PERSERU SERUI,PERSIJA JAKARTA,0,3,0,1
2017/2017,6/14/2017,PERSELA LAMONGAN,PERSIPURA JAYAPURA,0,1,0,0
2017/2017,6/15/2017,MITRA KUKAR,GRESIK UNITED,3,1,2,0
2017/2017,6/16/2017,PERSIJA JAKARTA,SRIWIJAYA FC,1,0,1,0
2017/2017,6/17/2017,AREMA FC,BALI UNITED,2,0,1,0
2017/2017,6/18/2017,PS BARITO PUTERA,PERSIB BANDUNG,1,0,0,0
2017/2017,6/18/2017,PERSERU SERUI,PERSIKABO 1973,0,1,0,1
2017/2017,6/19/2017,PERSIBA BALIKPAPAN,BHAYANGKARA FC,1,2,0,1
2017/2017,6/19/2017,PSM MAKASSAR,BORNEO FC,1,0,0,0
2017/2017,7/3/2017,PERSIPURA JAYAPURA,MITRA KUKAR,6,0,3,0
2017/2017,7/3/2017,SEMEN PADANG,PERSELA LAMONGAN,1,0,0,0
2017/2017,7/3/2017,PERSIKABO 1973,AREMA FC,0,0,0,0
2017/2017,7/4/2017,GRESIK UNITED,PERSIJA JAKARTA,1,1,1,1
2017/2017,7/4/2017,BORNEO FC,MADURA UNITED,3,0,2,0
2017/2017,7/4/2017,BHAYANGKARA FC,PS BARITO PUTERA,0,1,0,1
2017/2017,7/5/2017,BALI UNITED,PERSIBA BALIKPAPAN,2,0,0,0
2017/2017,7/5/2017,PERSIB BANDUNG,PSM MAKASSAR,2,1,1,0
2017/2017,7/7/2017,MITRA KUKAR,SEMEN PADANG,1,0,1,0
2017/2017,7/7/2017,AREMA FC,SRIWIJAYA FC,3,2,1,1
2017/2017,7/8/2017,PERSERU SERUI,GRESIK UNITED,1,0,1,0
2017/2017,7/8/2017,PERSELA LAMONGAN,BORNEO FC,3,1,2,0
2017/2017,7/8/2017,PERSIJA JAKARTA,PERSIPURA JAYAPURA,1,1,0,0
2017/2017,7/9/2017,PS BARITO PUTERA,PERSIBA BALIKPAPAN,1,0,0,0
2017/2017,7/9/2017,PSM MAKASSAR,BHAYANGKARA FC,2,1,1,0
2017/2017,7/9/2017,MADURA UNITED,PERSIB BANDUNG,3,1,1,0
2017/2017,7/10/2017,PERSIKABO 1973,BALI UNITED,3,4,1,3
2017/2017,7/11/2017,BORNEO FC,MITRA KUKAR,1,0,0,0
2017/2017,7/12/2017,PERSIPURA JAYAPURA,PERSERU SERUI,2,2,0,1
2017/2017,7/12/2017,SEMEN PADANG,PERSIJA JAKARTA,1,1,0,0
2017/2017,7/12/2017,GRESIK UNITED,AREMA FC,2,3,2,1
2017/2017,7/12/2017,PERSIB BANDUNG,PERSELA LAMONGAN,1,1,1,0
2017/2017,7/13/2017,BHAYANGKARA FC,MADURA UNITED,2,1,0,1
2017/2017,7/13/2017,PERSIBA BALIKPAPAN,PSM MAKASSAR,2,2,1,1
2017/2017,7/14/2017,BALI UNITED,PS BARITO PUTERA,5,0,1,0
2017/2017,7/14/2017,SRIWIJAYA FC,PERSIKABO 1973,2,1,0,0
2017/2017,7/15/2017,MITRA KUKAR,PERSIB BANDUNG,2,1,1,1
2017/2017,7/16/2017,PERSIJA JAKARTA,BORNEO FC,1,0,1,0
2017/2017,7/16/2017,AREMA FC,PERSIPURA JAYAPURA,0,2,0,1
2017/2017,7/17/2017,PERSERU SERUI,SEMEN PADANG,0,0,0,0
2017/2017,7/17/2017,MADURA UNITED,PERSIBA BALIKPAPAN,1,0,1,0
2017/2017,7/17/2017,PERSELA LAMONGAN,BHAYANGKARA FC,1,3,0,1
2017/2017,7/18/2017,PSM MAKASSAR,PS BARITO PUTERA,1,1,1,0
2017/2017,7/18/2017,PERSIKABO 1973,GRESIK UNITED,2,1,0,1
2017/2017,7/19/2017,SRIWIJAYA FC,BALI UNITED,2,2,1,1
2017/2017,7/21/2017,BHAYANGKARA FC,MITRA KUKAR,4,1,1,1
2017/2017,7/21/2017,SEMEN PADANG,AREMA FC,2,0,1,0
2017/2017,7/22/2017,PS BARITO PUTERA,MADURA UNITED,2,2,1,2
2017/2017,7/22/2017,PERSIB BANDUNG,PERSIJA JAKARTA,1,1,1,1
2017/2017,7/22/2017,BORNEO FC,PERSERU SERUI,2,0,2,0
2017/2017,7/23/2017,PERSIPURA JAYAPURA,PERSIKABO 1973,2,1,1,0
2017/2017,7/23/2017,PERSIBA BALIKPAPAN,PERSELA LAMONGAN,2,2,1,1
2017/2017,7/23/2017,BALI UNITED,PSM MAKASSAR,3,0,0,0
2017/2017,7/24/2017,GRESIK UNITED,SRIWIJAYA FC,1,1,1,0
2017/2017,7/28/2017,PERSELA LAMONGAN,PS BARITO PUTERA,3,2,2,1
2017/2017,7/28/2017,MITRA KUKAR,PERSIBA BALIKPAPAN,2,2,0,0
2017/2017,7/29/2017,PERSERU SERUI,PERSIB BANDUNG,2,1,0,0
2017/2017,7/29/2017,MADURA UNITED,PSM MAKASSAR,1,0,0,0
2017/2017,7/29/2017,PERSIJA JAKARTA,BHAYANGKARA FC,1,0,0,0
2017/2017,7/30/2017,SRIWIJAYA FC,PERSIPURA JAYAPURA,2,2,0,1
2017/2017,7/30/2017,AREMA FC,BORNEO FC,0,0,0,0
2017/2017,7/30/2017,PERSIKABO 1973,SEMEN PADANG,2,1,2,0
2017/2017,7/31/2017,GRESIK UNITED,BALI UNITED,1,3,0,1
2017/2017,8/2/2017,SRIWIJAYA FC,PERSERU SERUI,0,0,0,0
2017/2017,8/4/2017,MADURA UNITED,PERSELA LAMONGAN,2,1,1,1
2017/2017,8/4/2017,BHAYANGKARA FC,AREMA FC,2,1,1,1
2017/2017,8/5/2017,BORNEO FC,SRIWIJAYA FC,0,1,0,0
2017/2017,8/5/2017,SEMEN PADANG,GRESIK UNITED,4,1,1,1
2017/2017,8/5/2017,PERSIB BANDUNG,PERSIKABO 1973,3,1,2,0
2017/2017,8/6/2017,PERSIBA BALIKPAPAN,PERSERU SERUI,2,1,2,1
2017/2017,8/6/2017,PS BARITO PUTERA,PERSIJA JAKARTA,1,0,0,0
2017/2017,8/7/2017,PSM MAKASSAR,MITRA KUKAR,1,0,0,0
2017/2017,8/9/2017,PERSIPURA JAYAPURA,BALI UNITED,3,1,2,0
2017/2017,8/11/2017,MITRA KUKAR,PS BARITO PUTERA,3,2,1,1
2017/2017,8/11/2017,SRIWIJAYA FC,SEMEN PADANG,0,0,0,0
2017/2017,8/12/2017,PERSIJA JAKARTA,PERSIBA BALIKPAPAN,2,0,1,0
2017/2017,8/12/2017,AREMA FC,PERSIB BANDUNG,0,0,0,0
2017/2017,8/12/2017,PERSELA LAMONGAN,PSM MAKASSAR,0,1,0,0
2017/2017,8/13/2017,PERSERU SERUI,BHAYANGKARA FC,1,1,0,1
2017/2017,8/13/2017,BORNEO FC,PERSIKABO 1973,1,0,0,0
2017/2017,8/13/2017,BALI UNITED,MADURA UNITED,5,2,3,1
2017/2017,8/14/2017,GRESIK UNITED,PERSIPURA JAYAPURA,0,4,0,1
2017/2017,8/15/2017,PERSIJA JAKARTA,PSM MAKASSAR,2,2,0,2
2017/2017,8/18/2017,AREMA FC,PERSIBA BALIKPAPAN,3,0,2,0
2017/2017,8/20/2017,BHAYANGKARA FC,SRIWIJAYA FC,2,1,1,1
2017/2017,8/20/2017,PERSIB BANDUNG,GRESIK UNITED,6,0,2,0
2017/2017,8/21/2017,PERSELA LAMONGAN,MITRA KUKAR,2,3,1,0
2017/2017,8/21/2017,MADURA UNITED,PERSIJA JAKARTA,1,1,0,0
2017/2017,8/21/2017,BORNEO FC,PERSIPURA JAYAPURA,1,1,0,0
2017/2017,8/22/2017,PERSIBA BALIKPAPAN,PERSIKABO 1973,1,0,0,0
2017/2017,8/23/2017,PS BARITO PUTERA,AREMA FC,1,2,1,0
2017/2017,8/23/2017,PSM MAKASSAR,PERSERU SERUI,2,0,1,0
2017/2017,8/24/2017,SEMEN PADANG,BALI UNITED,1,3,1,0
2017/2017,8/26/2017,GRESIK UNITED,BHAYANGKARA FC,0,5,0,3
2017/2017,8/27/2017,BALI UNITED,MITRA KUKAR,6,1,3,0
2017/2017,8/27/2017,PERSIJA JAKARTA,PERSELA LAMONGAN,2,0,1,0
2017/2017,8/28/2017,PERSERU SERUI,MADURA UNITED,2,0,1,0
2017/2017,8/28/2017,PERSIPURA JAYAPURA,PERSIB BANDUNG,0,0,0,0
2017/2017,8/29/2017,SRIWIJAYA FC,PERSIBA BALIKPAPAN,1,0,0,0
2017/2017,8/30/2017,AREMA FC,PSM MAKASSAR,3,3,0,3
2017/2017,8/30/2017,PERSIKABO 1973,PS BARITO PUTERA,1,1,1,0
2017/2017,8/31/2017,SEMEN PADANG,BORNEO FC,1,1,0,0
2017/2017,9/3/2017,PERSERU SERUI,PS BARITO PUTERA,0,1,0,0
2017/2017,9/3/2017,MITRA KUKAR,MADURA UNITED,2,1,0,1
2017/2017,9/3/2017,BALI UNITED,PERSELA LAMONGAN,5,1,0,0
2017/2017,9/3/2017,PERSIKABO 1973,BHAYANGKARA FC,0,1,0,1
2017/2017,9/4/2017,PERSIPURA JAYAPURA,SEMEN PADANG,3,0,1,0
2017/2017,9/4/2017,GRESIK UNITED,BORNEO FC,0,1,0,1
2017/2017,9/4/2017,SRIWIJAYA FC,PERSIB BANDUNG,1,4,0,2
2017/2017,9/8/2017,PERSELA LAMONGAN,PERSERU SERUI,1,0,0,0
2017/2017,9/8/2017,MITRA KUKAR,PERSIJA JAKARTA,1,2,1,0
2017/2017,9/9/2017,PERSIB BANDUNG,SEMEN PADANG,2,2,1,1
2017/2017,9/9/2017,PERSIBA BALIKPAPAN,GRESIK UNITED,3,0,2,0
2017/2017,9/9/2017,BHAYANGKARA FC,PERSIPURA JAYAPURA,2,1,0,0
2017/2017,9/10/2017,PS BARITO PUTERA,SRIWIJAYA FC,2,0,2,0
2017/2017,9/10/2017,PSM MAKASSAR,PERSIKABO 1973,4,1,2,0
2017/2017,9/10/2017,MADURA UNITED,AREMA FC,2,0,0,0
2017/2017,9/11/2017,BORNEO FC,BALI UNITED,0,0,0,0
2017/2017,9/14/2017,PERSERU SERUI,MITRA KUKAR,2,1,0,0
2017/2017,9/15/2017,SEMEN PADANG,BHAYANGKARA FC,1,2,1,0
2017/2017,9/15/2017,BALI UNITED,PERSIJA JAKARTA,2,1,2,0
2017/2017,9/16/2017,AREMA FC,PERSELA LAMONGAN,2,0,1,0
2017/2017,9/17/2017,PERSIPURA JAYAPURA,PERSIBA BALIKPAPAN,4,2,2,0
2017/2017,9/17/2017,GRESIK UNITED,PS BARITO PUTERA,2,1,2,1
2017/2017,9/17/2017,SRIWIJAYA FC,PSM MAKASSAR,3,4,1,0
2017/2017,9/18/2017,PERSIKABO 1973,MADURA UNITED,2,3,1,2
2017/2017,9/19/2017,PERSIJA JAKARTA,PERSERU SERUI,1,0,1,0
2017/2017,9/20/2017,BHAYANGKARA FC,BORNEO FC,2,1,0,0
2017/2017,9/20/2017,MITRA KUKAR,AREMA FC,0,3,0,1
2017/2017,9/21/2017,PERSIB BANDUNG,BALI UNITED,0,0,0,0
2017/2017,9/21/2017,PS BARITO PUTERA,PERSIPURA JAYAPURA,1,1,0,1
2017/2017,9/21/2017,PERSIBA BALIKPAPAN,SEMEN PADANG,1,0,1,0
2017/2017,9/22/2017,PERSELA LAMONGAN,PERSIKABO 1973,1,0,1,0
2017/2017,9/22/2017,MADURA UNITED,SRIWIJAYA FC,3,0,1,0
2017/2017,9/22/2017,PSM MAKASSAR,GRESIK UNITED,5,1,3,0
2017/2017,9/24/2017,PERSIB BANDUNG,BHAYANGKARA FC,1,1,0,1
2017/2017,9/24/2017,AREMA FC,PERSIJA JAKARTA,1,1,0,1
2017/2017,9/25/2017,BORNEO FC,PERSIBA BALIKPAPAN,1,0,0,0
2017/2017,9/25/2017,BALI UNITED,PERSERU SERUI,2,0,1,0
2017/2017,9/25/2017,SEMEN PADANG,PS BARITO PUTERA,1,2,1,0
2017/2017,9/26/2017,SRIWIJAYA FC,PERSELA LAMONGAN,2,0,0,0
2017/2017,9/26/2017,GRESIK UNITED,MADURA UNITED,0,3,0,1
2017/2017,9/26/2017,PERSIKABO 1973,MITRA KUKAR,2,1,2,0
2017/2017,9/27/2017,PERSIPURA JAYAPURA,PSM MAKASSAR,0,0,0,0
2017/2017,9/29/2017,PERSERU SERUI,AREMA FC,2,0,1,0
2017/2017,9/29/2017,BHAYANGKARA FC,BALI UNITED,3,2,1,2
2017/2017,9/30/2017,MITRA KUKAR,SRIWIJAYA FC,2,0,0,0
2017/2017,9/30/2017,PERSELA LAMONGAN,GRESIK UNITED,7,1,3,0
2017/2017,9/30/2017,PERSIJA JAKARTA,PERSIKABO 1973,4,1,2,1
2017/2017,10/1/2017,PERSIPURA JAYAPURA,MADURA UNITED,0,1,0,1
2017/2017,10/1/2017,PS BARITO PUTERA,BORNEO FC,2,1,0,0
2017/2017,10/1/2017,PERSIBA BALIKPAPAN,PERSIB BANDUNG,2,2,0,1
2017/2017,10/2/2017,PSM MAKASSAR,SEMEN PADANG,4,0,2,0
2017/2017,10/6/2017,PERSIPURA JAYAPURA,PERSELA LAMONGAN,2,1,1,0
2017/2017,10/6/2017,SEMEN PADANG,MADURA UNITED,0,0,0,0
2017/2017,10/7/2017,GRESIK UNITED,MITRA KUKAR,2,4,2,1
2017/2017,10/7/2017,SRIWIJAYA FC,PERSIJA JAKARTA,1,0,0,0
2017/2017,10/7/2017,PERSIKABO 1973,PERSERU SERUI,2,1,1,0
2017/2017,10/8/2017,BHAYANGKARA FC,PERSIBA BALIKPAPAN,3,2,3,2
2017/2017,10/8/2017,BORNEO FC,PSM MAKASSAR,3,2,2,1
2017/2017,10/8/2017,BALI UNITED,AREMA FC,6,1,2,1
2017/2017,10/9/2017,PERSIB BANDUNG,PS BARITO PUTERA,0,0,0,0
2017/2017,10/13/2017,MITRA KUKAR,PERSIPURA JAYAPURA,0,5,0,2
2017/2017,10/13/2017,MADURA UNITED,BORNEO FC,1,1,1,0
2017/2017,10/14/2017,PERSERU SERUI,SRIWIJAYA FC,2,3,2,1
2017/2017,10/14/2017,PERSIJA JAKARTA,GRESIK UNITED,5,0,1,0
2017/2017,10/14/2017,AREMA FC,PERSIKABO 1973,1,1,0,0
2017/2017,10/15/2017,PERSELA LAMONGAN,SEMEN PADANG,2,0,1,0
2017/2017,10/15/2017,PS BARITO PUTERA,BHAYANGKARA FC,1,0,0,0
2017/2017,10/15/2017,PSM MAKASSAR,PERSIB BANDUNG,2,1,1,1
2017/2017,10/16/2017,PERSIBA BALIKPAPAN,BALI UNITED,3,2,1,0
2017/2017,10/18/2017,PERSIPURA JAYAPURA,PERSIJA JAKARTA,3,0,0,0
2017/2017,10/18/2017,GRESIK UNITED,PERSERU SERUI,2,5,0,2
2017/2017,10/19/2017,PERSIB BANDUNG,MADURA UNITED,0,0,0,0
2017/2017,10/19/2017,SEMEN PADANG,MITRA KUKAR,1,2,0,2
2017/2017,10/19/2017,BHAYANGKARA FC,PSM MAKASSAR,0,2,0,0
2017/2017,10/19/2017,BORNEO FC,PERSELA LAMONGAN,4,2,2,0
2017/2017,10/20/2017,SRIWIJAYA FC,AREMA FC,1,1,1,1
2017/2017,10/20/2017,BALI UNITED,PERSIKABO 1973,2,1,2,1
2017/2017,10/20/2017,PERSIBA BALIKPAPAN,PS BARITO PUTERA,2,3,0,1
2017/2017,10/22/2017,PERSERU SERUI,PERSIPURA JAYAPURA,2,1,1,1
2017/2017,10/22/2017,PERSELA LAMONGAN,PERSIB BANDUNG,1,0,0,0
2017/2017,10/22/2017,PERSIJA JAKARTA,SEMEN PADANG,2,0,0,0
2017/2017,10/23/2017,MITRA KUKAR,BORNEO FC,0,4,0,2
2017/2017,10/24/2017,PSM MAKASSAR,PERSIBA BALIKPAPAN,3,1,1,0
2017/2017,10/25/2017,PS BARITO PUTERA,BALI UNITED,1,1,1,0
2017/2017,10/25/2017,AREMA FC,GRESIK UNITED,2,0,2,0
2017/2017,10/25/2017,PERSIKABO 1973,SRIWIJAYA FC,2,1,1,0
2017/2017,10/27/2017,PERSIB BANDUNG,MITRA KUKAR,3,1,0,0
2017/2017,10/27/2017,BHAYANGKARA FC,PERSELA LAMONGAN,3,1,1,0
2017/2017,10/28/2017,GRESIK UNITED,PERSIKABO 1973,0,3,0,2
2017/2017,10/28/2017,SEMEN PADANG,PERSERU SERUI,3,1,1,0
2017/2017,10/28/2017,BORNEO FC,PERSIJA JAKARTA,1,2,0,0
2017/2017,10/29/2017,PERSIPURA JAYAPURA,AREMA FC,3,1,0,1
2017/2017,10/29/2017,PERSIBA BALIKPAPAN,MADURA UNITED,3,4,2,1
2017/2017,10/29/2017,PS BARITO PUTERA,PSM MAKASSAR,2,2,1,1
2017/2017,10/30/2017,BALI UNITED,SRIWIJAYA FC,3,2,3,0
2017/2017,11/3/2017,MITRA KUKAR,BHAYANGKARA FC,0,3,0,0
2017/2017,11/3/2017,PERSIJA JAKARTA,PERSIB BANDUNG,1,0,0,0
2017/2017,11/4/2017,PERSERU SERUI,BORNEO FC,3,2,3,2
2017/2017,11/4/2017,PERSIKABO 1973,PERSIPURA JAYAPURA,2,1,0,0
2017/2017,11/4/2017,AREMA FC,SEMEN PADANG,5,3,3,0
2017/2017,11/5/2017,PERSELA LAMONGAN,PERSIBA BALIKPAPAN,2,2,1,1
2017/2017,11/5/2017,SRIWIJAYA FC,GRESIK UNITED,10,2,6,1
2017/2017,11/5/2017,MADURA UNITED,PS BARITO PUTERA,3,1,2,0
2017/2017,11/6/2017,PSM MAKASSAR,BALI UNITED,0,1,0,0
2017/2017,11/8/2017,BORNEO FC,PERSIB BANDUNG,2,1,1,0
2017/2017,11/8/2017,MADURA UNITED,BHAYANGKARA FC,1,3,0,0
2017/2017,11/10/2017,PERSIBA BALIKPAPAN,MITRA KUKAR,3,2,1,1
2017/2017,11/11/2017,PS BARITO PUTERA,PERSELA LAMONGAN,4,1,3,1
2017/2017,11/11/2017,BORNEO FC,AREMA FC,3,2,2,1
2017/2017,11/12/2017,PERSIPURA JAYAPURA,SRIWIJAYA FC,2,2,0,2
2017/2017,11/12/2017,PERSIB BANDUNG,PERSERU SERUI,0,2,0,0
2017/2017,11/12/2017,SEMEN PADANG,PERSIKABO 1973,2,0,2,0
2017/2017,11/12/2017,BALI UNITED,GRESIK UNITED,3,0,1,0
2017/2017,11/12/2017,BHAYANGKARA FC,PERSIJA JAKARTA,1,2,1,1
2017/2017,11/12/2017,PSM MAKASSAR,MADURA UNITED,6,1,1,1
2018/2018,3/23/2018,BHAYANGKARA FC,PERSIJA JAKARTA,0,0,0,0
2018/2018,3/24/2018,PERSIPURA JAYAPURA,PERSELA LAMONGAN,2,1,1,0
2018/2018,3/24/2018,AREMA FC,MITRA KUKAR,2,2,2,0
2018/2018,3/24/2018,BALI UNITED,PSMS MEDAN,1,0,0,0
2018/2018,3/25/2018,PSM MAKASSAR,PSIS SEMARANG,2,0,1,0
2018/2018,3/25/2018,PERSEBAYA SURABAYA,PERSERU SERUI,1,0,0,0
2018/2018,3/25/2018,BORNEO FC,SRIWIJAYA FC,0,0,0,0
2018/2018,3/26/2018,PERSIB BANDUNG,PERSIKABO 1973,1,1,1,0
2018/2018,3/26/2018,MADURA UNITED,PS BARITO PUTERA,3,1,1,1
2018/2018,3/30/2018,PERSELA LAMONGAN,PERSEBAYA SURABAYA,1,1,0,0
2018/2018,3/31/2018,PERSERU SERUI,PSM MAKASSAR,0,1,0,0
2018/2018,3/31/2018,PS BARITO PUTERA,PERSIPURA JAYAPURA,2,2,1,1
2018/2018,3/31/2018,PSMS MEDAN,BHAYANGKARA FC,1,2,0,1
2018/2018,3/31/2018,PERSIJA JAKARTA,AREMA FC,3,1,1,1
2018/2018,4/1/2018,PSIS SEMARANG,BALI UNITED,0,0,0,0
2018/2018,4/1/2018,SRIWIJAYA FC,PERSIB BANDUNG,3,1,0,1
2018/2018,4/2/2018,MITRA KUKAR,BORNEO FC,0,1,0,0
2018/2018,4/2/2018,PERSIKABO 1973,MADURA UNITED,1,0,1,0
2018/2018,4/6/2018,PSMS MEDAN,PERSIJA JAKARTA,3,1,2,1
2018/2018,4/6/2018,PSM MAKASSAR,PERSELA LAMONGAN,2,3,1,2
2018/2018,4/7/2018,PERSIPURA JAYAPURA,PERSIKABO 1973,2,0,2,0
2018/2018,4/7/2018,BHAYANGKARA FC,PSIS SEMARANG,1,1,1,0
2018/2018,4/7/2018,MADURA UNITED,SRIWIJAYA FC,3,0,0,0
2018/2018,4/7/2018,BALI UNITED,PERSERU SERUI,1,1,1,0
2018/2018,4/8/2018,PERSEBAYA SURABAYA,PS BARITO PUTERA,1,2,1,1
2018/2018,4/8/2018,PERSIB BANDUNG,MITRA KUKAR,2,0,0,0
2018/2018,4/9/2018,BORNEO FC,AREMA FC,2,1,0,1
2018/2018,4/13/2018,MITRA KUKAR,MADURA UNITED,3,1,3,1
2018/2018,4/13/2018,PERSIKABO 1973,PERSEBAYA SURABAYA,1,4,0,3
2018/2018,4/14/2018,PERSERU SERUI,BHAYANGKARA FC,1,0,1,0
2018/2018,4/14/2018,SRIWIJAYA FC,PERSIPURA JAYAPURA,2,2,2,0
2018/2018,4/14/2018,PERSIJA JAKARTA,BORNEO FC,2,0,1,0
2018/2018,4/15/2018,PSIS SEMARANG,PSMS MEDAN,4,1,3,0
2018/2018,4/15/2018,AREMA FC,PERSIB BANDUNG,2,2,1,1
2018/2018,4/16/2018,PS BARITO PUTERA,PSM MAKASSAR,2,1,1,1
2018/2018,4/16/2018,PERSELA LAMONGAN,BALI UNITED,1,1,1,0
2018/2018,4/20/2018,PSIS SEMARANG,PERSIJA JAKARTA,1,4,0,0
2018/2018,4/20/2018,PSMS MEDAN,PERSERU SERUI,1,0,1,0
2018/2018,4/21/2018,PERSIPURA JAYAPURA,MITRA KUKAR,2,1,2,0
2018/2018,4/21/2018,MADURA UNITED,AREMA FC,3,2,1,1
2018/2018,4/21/2018,PERSIB BANDUNG,BORNEO FC,3,1,1,0
2018/2018,4/21/2018,PSM MAKASSAR,PERSIKABO 1973,4,3,3,3
2018/2018,4/22/2018,BALI UNITED,PS BARITO PUTERA,2,0,1,0
2018/2018,4/22/2018,PERSEBAYA SURABAYA,SRIWIJAYA FC,1,1,1,1
2018/2018,4/23/2018,BHAYANGKARA FC,PERSELA LAMONGAN,1,1,1,0
2018/2018,4/27/2018,AREMA FC,PERSIPURA JAYAPURA,3,1,1,0
2018/2018,4/27/2018,BORNEO FC,MADURA UNITED,2,2,0,1
2018/2018,4/28/2018,SRIWIJAYA FC,PSM MAKASSAR,0,0,0,0
2018/2018,4/28/2018,PS BARITO PUTERA,BHAYANGKARA FC,3,1,2,0
2018/2018,4/29/2018,PERSERU SERUI,PSIS SEMARANG,1,0,0,0
2018/2018,4/29/2018,MITRA KUKAR,PERSEBAYA SURABAYA,3,1,1,0
2018/2018,4/29/2018,PERSELA LAMONGAN,PSMS MEDAN,4,1,3,0
2018/2018,4/30/2018,PERSIKABO 1973,BALI UNITED,2,1,1,1
2018/2018,5/4/2018,PERSIPURA JAYAPURA,BORNEO FC,2,0,1,0
2018/2018,5/4/2018,BHAYANGKARA FC,PERSIKABO 1973,4,2,1,1
2018/2018,5/4/2018,MADURA UNITED,PERSIB BANDUNG,2,1,1,0
2018/2018,5/5/2018,PSMS MEDAN,PS BARITO PUTERA,3,2,1,0
2018/2018,5/5/2018,BALI UNITED,SRIWIJAYA FC,3,4,2,2
2018/2018,5/6/2018,PERSEBAYA SURABAYA,AREMA FC,1,0,0,0
2018/2018,5/6/2018,PSM MAKASSAR,MITRA KUKAR,3,1,1,0
2018/2018,5/7/2018,PSIS SEMARANG,PERSELA LAMONGAN,3,1,0,0
2018/2018,5/11/2018,PERSIKABO 1973,PSMS MEDAN,3,2,3,2
2018/2018,5/11/2018,BORNEO FC,PERSEBAYA SURABAYA,2,2,0,0
2018/2018,5/11/2018,MITRA KUKAR,BALI UNITED,3,1,3,0
2018/2018,5/11/2018,PERSELA LAMONGAN,PERSERU SERUI,0,0,0,0
2018/2018,5/12/2018,SRIWIJAYA FC,BHAYANGKARA FC,2,1,0,0
2018/2018,5/12/2018,PS BARITO PUTERA,PSIS SEMARANG,4,1,1,0
2018/2018,5/12/2018,PERSIB BANDUNG,PERSIPURA JAYAPURA,2,0,1,0
2018/2018,5/12/2018,PERSIJA JAKARTA,MADURA UNITED,0,2,0,1
2018/2018,5/13/2018,AREMA FC,PSM MAKASSAR,1,1,0,0
2018/2018,5/17/2018,BHAYANGKARA FC,MITRA KUKAR,1,0,1,0
2018/2018,5/17/2018,PERSERU SERUI,PS BARITO PUTERA,0,1,0,1
2018/2018,5/17/2018,PSIS SEMARANG,PERSIKABO 1973,0,2,0,0
2018/2018,5/18/2018,BALI UNITED,AREMA FC,1,0,0,0
2018/2018,5/18/2018,PSMS MEDAN,SRIWIJAYA FC,1,0,0,0
2018/2018,5/19/2018,PERSIPURA JAYAPURA,MADURA UNITED,6,0,3,0
2018/2018,5/19/2018,PSM MAKASSAR,BORNEO FC,1,0,0,0
2018/2018,5/20/2018,PERSELA LAMONGAN,PERSIJA JAKARTA,2,0,0,0
2018/2018,5/22/2018,AREMA FC,BHAYANGKARA FC,4,0,2,0
2018/2018,5/22/2018,MITRA KUKAR,PSMS MEDAN,1,0,0,0
2018/2018,5/22/2018,PERSIKABO 1973,PERSERU SERUI,0,1,0,0
2018/2018,5/22/2018,SRIWIJAYA FC,PSIS SEMARANG,4,0,0,0
2018/2018,5/23/2018,PERSIB BANDUNG,PSM MAKASSAR,3,0,1,0
2018/2018,5/23/2018,BORNEO FC,BALI UNITED,2,0,1,0
2018/2018,5/24/2018,PS BARITO PUTERA,PERSELA LAMONGAN,1,1,0,1
2018/2018,5/25/2018,MADURA UNITED,PERSEBAYA SURABAYA,2,2,2,2
2018/2018,5/25/2018,PERSIJA JAKARTA,PERSIPURA JAYAPURA,2,0,1,0
2018/2018,5/26/2018,PSMS MEDAN,AREMA FC,2,0,2,0
2018/2018,5/27/2018,BALI UNITED,PERSIB BANDUNG,0,0,0,0
2018/2018,5/27/2018,BHAYANGKARA FC,BORNEO FC,1,1,0,1
2018/2018,5/27/2018,PERSERU SERUI,SRIWIJAYA FC,1,0,0,0
2018/2018,5/28/2018,PERSELA LAMONGAN,PERSIKABO 1973,4,1,2,1
2018/2018,5/28/2018,PSIS SEMARANG,MITRA KUKAR,4,0,0,0
2018/2018,5/29/2018,PERSEBAYA SURABAYA,PERSIPURA JAYAPURA,1,1,0,0
2018/2018,5/30/2018,PS BARITO PUTERA,PERSIJA JAKARTA,2,1,1,0
2018/2018,5/30/2018,PSM MAKASSAR,MADURA UNITED,2,0,0,0
2018/2018,5/31/2018,PERSIB BANDUNG,BHAYANGKARA FC,0,1,0,0
2018/2018,6/1/2018,AREMA FC,PSIS SEMARANG,1,0,1,0
2018/2018,6/1/2018,MITRA KUKAR,PERSERU SERUI,2,0,1,0
2018/2018,6/1/2018,BORNEO FC,PSMS MEDAN,3,1,2,0
2018/2018,6/2/2018,SRIWIJAYA FC,PERSELA LAMONGAN,5,1,3,0
2018/2018,6/3/2018,MADURA UNITED,BALI UNITED,2,2,1,0
2018/2018,6/4/2018,PERSIPURA JAYAPURA,PSM MAKASSAR,1,1,0,0
2018/2018,6/4/2018,PERSIKABO 1973,PS BARITO PUTERA,1,0,1,0
2018/2018,6/5/2018,PSMS MEDAN,PERSIB BANDUNG,0,3,0,2
2018/2018,6/6/2018,PERSERU SERUI,AREMA FC,0,1,0,0
2018/2018,6/6/2018,PSIS SEMARANG,BORNEO FC,1,0,1,0
2018/2018,6/7/2018,BHAYANGKARA FC,MADURA UNITED,1,0,1,0
2018/2018,6/7/2018,PERSELA LAMONGAN,MITRA KUKAR,3,1,0,1
2018/2018,6/8/2018,PS BARITO PUTERA,SRIWIJAYA FC,3,1,1,0
2018/2018,6/8/2018,PERSIKABO 1973,PERSIJA JAKARTA,0,5,0,2
2018/2018,6/9/2018,BALI UNITED,PERSIPURA JAYAPURA,2,0,1,0
2018/2018,6/9/2018,PSM MAKASSAR,PERSEBAYA SURABAYA,1,0,0,0
2018/2018,6/26/2018,PERSIJA JAKARTA,PERSEBAYA SURABAYA,1,1,0,1
2018/2018,6/30/2018,PERSIJA JAKARTA,PERSIB BANDUNG,1,0,1,0
2018/2018,7/3/2018,PERSERU SERUI,PERSIJA JAKARTA,3,1,1,0
2018/2018,7/6/2018,MITRA KUKAR,PS BARITO PUTERA,3,4,2,1
2018/2018,7/6/2018,SRIWIJAYA FC,PERSIKABO 1973,4,1,2,1
2018/2018,7/6/2018,PERSIJA JAKARTA,PSM MAKASSAR,2,2,0,1
2018/2018,7/7/2018,PERSIPURA JAYAPURA,BHAYANGKARA FC,0,2,0,1
2018/2018,7/7/2018,AREMA FC,PERSELA LAMONGAN,1,0,0,0
2018/2018,7/7/2018,PERSEBAYA SURABAYA,BALI UNITED,1,0,0,0
2018/2018,7/7/2018,BORNEO FC,PERSERU SERUI,5,1,0,1
2018/2018,7/8/2018,MADURA UNITED,PSMS MEDAN,1,0,1,0
2018/2018,7/8/2018,PERSIB BANDUNG,PSIS SEMARANG,1,0,1,0
2018/2018,7/10/2018,PERSIKABO 1973,MITRA KUKAR,0,0,0,0
2018/2018,7/10/2018,SRIWIJAYA FC,PERSIJA JAKARTA,2,2,0,1
2018/2018,7/11/2018,PS BARITO PUTERA,AREMA FC,0,0,0,0
2018/2018,7/11/2018,BHAYANGKARA FC,PERSEBAYA SURABAYA,3,3,2,1
2018/2018,7/11/2018,BALI UNITED,PSM MAKASSAR,2,0,1,0
2018/2018,7/11/2018,PERSELA LAMONGAN,BORNEO FC,2,0,1,0
2018/2018,7/12/2018,PERSERU SERUI,PERSIB BANDUNG,0,0,0,0
2018/2018,7/12/2018,PSIS SEMARANG,MADURA UNITED,0,0,0,0
2018/2018,7/12/2018,PSMS MEDAN,PERSIPURA JAYAPURA,1,3,0,1
2018/2018,7/15/2018,AREMA FC,PERSIKABO 1973,2,2,1,0
2018/2018,7/15/2018,PSM MAKASSAR,BHAYANGKARA FC,2,1,2,1
2018/2018,7/16/2018,BORNEO FC,PS BARITO PUTERA,2,1,0,0
2018/2018,7/16/2018,PERSIB BANDUNG,PERSELA LAMONGAN,1,0,1,0
2018/2018,7/17/2018,MADURA UNITED,PERSERU SERUI,2,0,1,0
2018/2018,7/17/2018,PERSIJA JAKARTA,BALI UNITED,0,2,0,1
2018/2018,7/18/2018,PERSIPURA JAYAPURA,PSIS SEMARANG,0,0,0,0
2018/2018,7/18/2018,MITRA KUKAR,SRIWIJAYA FC,3,0,1,0
2018/2018,7/18/2018,PERSEBAYA SURABAYA,PSMS MEDAN,2,0,1,0
2018/2018,7/20/2018,PERSIKABO 1973,BORNEO FC,3,4,2,4
2018/2018,7/21/2018,SRIWIJAYA FC,AREMA FC,0,3,0,0
2018/2018,7/21/2018,BALI UNITED,BHAYANGKARA FC,2,3,2,1
2018/2018,7/21/2018,MITRA KUKAR,PERSIJA JAKARTA,0,2,0,2
2018/2018,7/22/2018,PERSERU SERUI,PERSIPURA JAYAPURA,0,0,0,0
2018/2018,7/22/2018,PSIS SEMARANG,PERSEBAYA SURABAYA,1,0,0,0
2018/2018,7/22/2018,PS BARITO PUTERA,PERSIB BANDUNG,2,2,1,1
2018/2018,7/23/2018,PERSELA LAMONGAN,MADURA UNITED,1,1,1,1
2018/2018,7/23/2018,PSMS MEDAN,PSM MAKASSAR,3,1,1,1
2018/2018,7/26/2018,PERSEBAYA SURABAYA,PERSIB BANDUNG,3,4,0,2
2018/2018,7/27/2018,MITRA KUKAR,AREMA FC,4,3,2,2
2018/2018,7/27/2018,PERSIJA JAKARTA,BHAYANGKARA FC,1,0,1,0
2018/2018,7/28/2018,PS BARITO PUTERA,MADURA UNITED,0,0,0,0
2018/2018,7/28/2018,PSMS MEDAN,BALI UNITED,1,2,0,0
2018/2018,7/29/2018,SRIWIJAYA FC,BORNEO FC,1,0,0,0
2018/2018,7/29/2018,PERSELA LAMONGAN,PERSIPURA JAYAPURA,3,2,0,0
2018/2018,7/30/2018,PERSIKABO 1973,PERSIB BANDUNG,2,3,1,1
2018/2018,7/30/2018,PSIS SEMARANG,PSM MAKASSAR,1,1,0,1
2018/2018,7/31/2018,PERSERU SERUI,PERSEBAYA SURABAYA,3,1,0,0
2018/2018,8/3/2018,BHAYANGKARA FC,PSMS MEDAN,3,1,2,0
2018/2018,8/3/2018,MADURA UNITED,PERSIKABO 1973,3,1,0,1
2018/2018,8/4/2018,PERSIPURA JAYAPURA,PS BARITO PUTERA,5,1,1,1
2018/2018,8/4/2018,BALI UNITED,PSIS SEMARANG,2,0,1,0
2018/2018,8/4/2018,PERSIB BANDUNG,SRIWIJAYA FC,2,0,2,0
2018/2018,8/5/2018,PERSEBAYA SURABAYA,PERSELA LAMONGAN,3,1,2,0
2018/2018,8/5/2018,PSM MAKASSAR,PERSERU SERUI,2,2,1,2
2018/2018,8/5/2018,AREMA FC,PERSIJA JAKARTA,1,1,0,0
2018/2018,8/6/2018,BORNEO FC,MITRA KUKAR,3,2,2,1
2018/2018,8/10/2018,PERSERU SERUI,BALI UNITED,1,2,1,1
2018/2018,8/10/2018,MITRA KUKAR,PERSIB BANDUNG,1,0,0,0
2018/2018,8/10/2018,PERSELA LAMONGAN,PSM MAKASSAR,1,1,1,1
2018/2018,8/11/2018,SRIWIJAYA FC,MADURA UNITED,1,2,0,0
2018/2018,8/11/2018,AREMA FC,BORNEO FC,2,2,0,0
2018/2018,8/11/2018,PERSIKABO 1973,PERSIPURA JAYAPURA,1,0,1,0
2018/2018,8/12/2018,PS BARITO PUTERA,PERSEBAYA SURABAYA,3,2,1,0
2018/2018,8/12/2018,PERSIJA JAKARTA,PSMS MEDAN,0,0,0,0
2018/2018,8/13/2018,PSIS SEMARANG,BHAYANGKARA FC,1,2,0,1
2018/2018,9/11/2018,PERSIPURA JAYAPURA,SRIWIJAYA FC,1,0,1,0
2018/2018,9/11/2018,BALI UNITED,PERSELA LAMONGAN,3,2,2,2
2018/2018,9/11/2018,PERSEBAYA SURABAYA,PERSIKABO 1973,0,2,0,0
2018/2018,9/12/2018,PSMS MEDAN,PSIS SEMARANG,2,3,0,1
2018/2018,9/12/2018,BHAYANGKARA FC,PERSERU SERUI,1,0,0,0
2018/2018,9/12/2018,BORNEO FC,PERSIJA JAKARTA,0,1,0,0
2018/2018,9/13/2018,PSM MAKASSAR,PS BARITO PUTERA,1,1,0,0
2018/2018,9/13/2018,PERSIB BANDUNG,AREMA FC,2,0,1,0
2018/2018,9/13/2018,MADURA UNITED,MITRA KUKAR,2,0,1,0
2018/2018,9/16/2018,PERSERU SERUI,PSMS MEDAN,1,1,0,0
2018/2018,9/16/2018,PERSELA LAMONGAN,BHAYANGKARA FC,2,0,0,0
2018/2018,9/16/2018,SRIWIJAYA FC,PERSEBAYA SURABAYA,3,3,1,2
2018/2018,9/17/2018,AREMA FC,MADURA UNITED,2,0,1,0
2018/2018,9/17/2018,MITRA KUKAR,PERSIPURA JAYAPURA,2,1,1,1
2018/2018,9/17/2018,BORNEO FC,PERSIB BANDUNG,0,1,0,0
2018/2018,9/18/2018,PS BARITO PUTERA,BALI UNITED,1,1,1,1
2018/2018,9/18/2018,PERSIJA JAKARTA,PSIS SEMARANG,1,0,1,0
2018/2018,9/19/2018,PERSIKABO 1973,PSM MAKASSAR,1,2,1,0
2018/2018,9/21/2018,PSMS MEDAN,PERSELA LAMONGAN,3,2,0,2
2018/2018,9/22/2018,PERSIPURA JAYAPURA,AREMA FC,1,0,0,0
2018/2018,9/22/2018,MADURA UNITED,BORNEO FC,1,2,1,1
2018/2018,9/22/2018,BHAYANGKARA FC,PS BARITO PUTERA,2,2,2,1
2018/2018,9/22/2018,PERSEBAYA SURABAYA,MITRA KUKAR,4,1,2,0
2018/2018,9/23/2018,PERSIB BANDUNG,PERSIJA JAKARTA,3,2,1,1
2018/2018,9/23/2018,PSIS SEMARANG,PERSERU SERUI,4,2,0,1
2018/2018,9/23/2018,PSM MAKASSAR,SRIWIJAYA FC,2,0,1,0
2018/2018,9/24/2018,BALI UNITED,PERSIKABO 1973,1,1,1,1
2018/2018,10/5/2018,PERSELA LAMONGAN,PSIS SEMARANG,1,1,0,0
2018/2018,10/6/2018,AREMA FC,PERSEBAYA SURABAYA,1,0,0,0
2018/2018,10/6/2018,PERSIKABO 1973,BHAYANGKARA FC,2,0,2,0
2018/2018,10/6/2018,SRIWIJAYA FC,BALI UNITED,3,2,1,0
2018/2018,10/7/2018,PS BARITO PUTERA,PSMS MEDAN,3,3,2,1
2018/2018,10/7/2018,MITRA KUKAR,PSM MAKASSAR,1,4,1,3
2018/2018,10/8/2018,BORNEO FC,PERSIPURA JAYAPURA,2,1,0,0
2018/2018,10/8/2018,PERSIJA JAKARTA,PERSERU SERUI,2,1,1,1
2018/2018,10/9/2018,PERSIB BANDUNG,MADURA UNITED,1,2,0,1
2018/2018,10/12/2018,BHAYANGKARA FC,SRIWIJAYA FC,2,0,0,0
2018/2018,10/13/2018,PERSERU SERUI,PERSELA LAMONGAN,2,0,2,0
2018/2018,10/13/2018,PSIS SEMARANG,PS BARITO PUTERA,1,0,1,0
2018/2018,10/13/2018,PERSEBAYA SURABAYA,BORNEO FC,0,1,0,1
2018/2018,10/14/2018,PSM MAKASSAR,AREMA FC,2,1,1,0
2018/2018,10/14/2018,MADURA UNITED,PERSIJA JAKARTA,0,1,0,1
2018/2018,10/15/2018,PERSIPURA JAYAPURA,PERSIB BANDUNG,1,1,0,0
2018/2018,10/15/2018,BALI UNITED,MITRA KUKAR,1,0,1,0
2018/2018,10/17/2018,PERSIKABO 1973,PSIS SEMARANG,0,1,0,1
2018/2018,10/18/2018,SRIWIJAYA FC,PSMS MEDAN,0,3,0,1
2018/2018,10/19/2018,MITRA KUKAR,BHAYANGKARA FC,0,1,0,1
2018/2018,10/19/2018,BORNEO FC,PSM MAKASSAR,1,2,1,1
2018/2018,10/19/2018,PS BARITO PUTERA,PERSERU SERUI,0,0,0,0
2018/2018,10/20/2018,AREMA FC,BALI UNITED,3,1,2,0
2018/2018,10/20/2018,MADURA UNITED,PERSIPURA JAYAPURA,2,2,0,0
2018/2018,10/20/2018,PERSIB BANDUNG,PERSEBAYA SURABAYA,1,4,1,2
2018/2018,10/23/2018,PSMS MEDAN,MITRA KUKAR,1,3,1,2
2018/2018,10/23/2018,PERSELA LAMONGAN,PS BARITO PUTERA,2,1,1,0
2018/2018,10/23/2018,PSIS SEMARANG,SRIWIJAYA FC,1,0,0,0
2018/2018,10/24/2018,PERSERU SERUI,PERSIKABO 1973,0,0,0,0
2018/2018,10/24/2018,BHAYANGKARA FC,AREMA FC,0,0,0,0
2018/2018,10/24/2018,PSM MAKASSAR,PERSIB BANDUNG,1,0,0,0
2018/2018,10/25/2018,PERSIPURA JAYAPURA,PERSIJA JAKARTA,1,2,1,1
2018/2018,10/25/2018,BALI UNITED,BORNEO FC,2,2,0,2
2018/2018,10/25/2018,PERSEBAYA SURABAYA,MADURA UNITED,4,0,2,0
2018/2018,10/28/2018,AREMA FC,PSMS MEDAN,5,0,4,0
2018/2018,10/28/2018,MITRA KUKAR,PSIS SEMARANG,2,0,1,0
2018/2018,10/28/2018,PERSIKABO 1973,PERSELA LAMONGAN,4,1,1,0
2018/2018,10/29/2018,BORNEO FC,BHAYANGKARA FC,3,0,1,0
2018/2018,10/29/2018,SRIWIJAYA FC,PERSERU SERUI,4,0,1,0
2018/2018,10/29/2018,MADURA UNITED,PSM MAKASSAR,3,0,1,0
2018/2018,10/30/2018,PERSIPURA JAYAPURA,PERSEBAYA SURABAYA,3,1,1,0
2018/2018,10/30/2018,PERSIJA JAKARTA,PS BARITO PUTERA,3,0,2,0
2018/2018,10/30/2018,PERSIB BANDUNG,BALI UNITED,1,1,0,1
2018/2018,11/2/2018,PERSELA LAMONGAN,SRIWIJAYA FC,3,0,2,0
2018/2018,11/3/2018,BHAYANGKARA FC,PERSIB BANDUNG,1,2,0,2
2018/2018,11/3/2018,BALI UNITED,MADURA UNITED,2,0,0,0
2018/2018,11/3/2018,PSMS MEDAN,BORNEO FC,3,2,1,1
2018/2018,11/4/2018,PERSERU SERUI,MITRA KUKAR,3,1,1,1
2018/2018,11/4/2018,PERSEBAYA SURABAYA,PERSIJA JAKARTA,3,0,2,0
2018/2018,11/4/2018,PSIS SEMARANG,AREMA FC,2,1,1,0
2018/2018,11/4/2018,PSM MAKASSAR,PERSIPURA JAYAPURA,4,2,1,1
2018/2018,11/5/2018,PS BARITO PUTERA,PERSIKABO 1973,3,1,1,0
2018/2018,11/9/2018,MITRA KUKAR,PERSELA LAMONGAN,1,1,0,0
2018/2018,11/9/2018,MADURA UNITED,BHAYANGKARA FC,1,2,0,1
2018/2018,11/9/2018,PERSIB BANDUNG,PSMS MEDAN,0,1,0,0
2018/2018,11/10/2018,PERSIPURA JAYAPURA,BALI UNITED,1,0,1,0
2018/2018,11/10/2018,PERSIJA JAKARTA,PERSIKABO 1973,0,0,0,0
2018/2018,11/10/2018,BORNEO FC,PSIS SEMARANG,2,1,2,0
2018/2018,11/10/2018,PERSEBAYA SURABAYA,PSM MAKASSAR,3,0,1,0
2018/2018,11/11/2018,AREMA FC,PERSERU SERUI,4,1,2,0
2018/2018,11/12/2018,SRIWIJAYA FC,PS BARITO PUTERA,2,0,0,0
2018/2018,11/16/2018,PSM MAKASSAR,PERSIJA JAKARTA,2,2,0,2
2018/2018,11/16/2018,PERSELA LAMONGAN,AREMA FC,4,0,1,0
2018/2018,11/17/2018,PERSERU SERUI,BORNEO FC,3,1,2,0
2018/2018,11/17/2018,PS BARITO PUTERA,MITRA KUKAR,2,1,0,0
2018/2018,11/17/2018,PERSIKABO 1973,SRIWIJAYA FC,3,0,1,0
2018/2018,11/17/2018,PSMS MEDAN,MADURA UNITED,3,3,0,3
2018/2018,11/18/2018,PSIS SEMARANG,PERSIB BANDUNG,3,0,1,0
2018/2018,11/18/2018,BALI UNITED,PERSEBAYA SURABAYA,2,5,0,3
2018/2018,11/19/2018,BHAYANGKARA FC,PERSIPURA JAYAPURA,2,0,0,0
2018/2018,11/20/2018,PERSIJA JAKARTA,PERSELA LAMONGAN,3,0,1,0
2018/2018,11/23/2018,MITRA KUKAR,PERSIKABO 1973,1,0,0,0
2018/2018,11/23/2018,PERSIB BANDUNG,PERSERU SERUI,2,2,1,0
2018/2018,11/24/2018,PERSIPURA JAYAPURA,PSMS MEDAN,3,1,0,0
2018/2018,11/24/2018,AREMA FC,PS BARITO PUTERA,3,1,2,0
2018/2018,11/24/2018,PERSIJA JAKARTA,SRIWIJAYA FC,3,2,2,1
2018/2018,11/25/2018,PSM MAKASSAR,BALI UNITED,4,0,2,0
2018/2018,11/26/2018,MADURA UNITED,PSIS SEMARANG,2,2,0,1
2018/2018,11/26/2018,BORNEO FC,PERSELA LAMONGAN,3,2,1,1
2018/2018,11/26/2018,PERSEBAYA SURABAYA,BHAYANGKARA FC,1,0,1,0
2018/2018,11/30/2018,SRIWIJAYA FC,MITRA KUKAR,3,1,1,1
2018/2018,11/30/2018,PS BARITO PUTERA,BORNEO FC,1,0,0,0
2018/2018,12/1/2018,PERSERU SERUI,MADURA UNITED,2,0,1,0
2018/2018,12/1/2018,PERSELA LAMONGAN,PERSIB BANDUNG,1,1,1,0
2018/2018,12/1/2018,PSIS SEMARANG,PERSIPURA JAYAPURA,2,1,0,1
2018/2018,12/1/2018,PSMS MEDAN,PERSEBAYA SURABAYA,4,0,2,0
2018/2018,12/2/2018,PERSIKABO 1973,AREMA FC,0,1,0,0
2018/2018,12/2/2018,BALI UNITED,PERSIJA JAKARTA,1,2,0,1
2018/2018,12/3/2018,BHAYANGKARA FC,PSM MAKASSAR,0,0,0,0
2018/2018,12/5/2018,PSMS MEDAN,PERSIKABO 1973,2,4,0,0
2018/2018,12/8/2018,PERSEBAYA SURABAYA,PSIS SEMARANG,1,0,0,0
2018/2018,12/8/2018,BHAYANGKARA FC,BALI UNITED,2,0,2,0
2018/2018,12/8/2018,MADURA UNITED,PERSELA LAMONGAN,2,1,2,1
2018/2018,12/8/2018,PERSIB BANDUNG,PS BARITO PUTERA,3,3,3,2
2018/2018,12/9/2018,AREMA FC,SRIWIJAYA FC,2,1,0,1
2018/2018,12/9/2018,PERSIJA JAKARTA,MITRA KUKAR,2,1,1,0
2018/2018,12/9/2018,PERSIPURA JAYAPURA,PERSERU SERUI,0,2,0,1
2018/2018,12/9/2018,PSM MAKASSAR,PSMS MEDAN,5,1,4,0
2018/2018,12/9/2018,BORNEO FC,PERSIKABO 1973,1,3,1,2
2019/2019,5/15/2019,PSS SLEMAN,AREMA FC,3,1,1,1
2019/2019,5/16/2019,BALI UNITED,PERSEBAYA SURABAYA,2,1,1,1
2019/2019,5/16/2019,PSIS SEMARANG,KALTENG PUTRA FC,1,2,1,2
2019/2019,5/16/2019,BORNEO FC,BHAYANGKARA FC,1,1,0,0
2019/2019,5/17/2019,PERSELA LAMONGAN,MADURA UNITED,1,5,1,3
2019/2019,5/18/2019,PERSIB BANDUNG,PERSIPURA JAYAPURA,3,0,1,0
2019/2019,5/18/2019,PERSIKABO 1973,PERSERU SERUI,3,0,0,0
2019/2019,5/20/2019,PS BARITO PUTERA,PERSIJA JAKARTA,1,1,0,1
2019/2019,5/20/2019,PSM MAKASSAR,SEMEN PADANG,1,0,1,0
2019/2019,5/21/2019,BALI UNITED,BHAYANGKARA FC,1,0,0,0
2019/2019,5/21/2019,PERSEBAYA SURABAYA,KALTENG PUTRA FC,1,1,1,1
2019/2019,5/22/2019,PERSELA LAMONGAN,PERSIPURA JAYAPURA,2,2,1,2
2019/2019,5/22/2019,BORNEO FC,AREMA FC,2,0,0,0
2019/2019,5/24/2019,PS BARITO PUTERA,MADURA UNITED,0,1,0,0
2019/2019,5/24/2019,PSM MAKASSAR,PERSERU SERUI,4,0,3,0
2019/2019,5/25/2019,PSS SLEMAN,SEMEN PADANG,1,1,0,1
2019/2019,5/26/2019,PSIS SEMARANG,PERSIJA JAKARTA,2,1,0,1
2019/2019,5/27/2019,AREMA FC,PERSELA LAMONGAN,3,2,3,2
2019/2019,5/28/2019,BHAYANGKARA FC,PS BARITO PUTERA,4,2,3,1
2019/2019,5/28/2019,KALTENG PUTRA FC,PERSERU SERUI,0,1,0,1
2019/2019,5/28/2019,MADURA UNITED,BORNEO FC,3,0,2,0
2019/2019,5/29/2019,PERSIKABO 1973,PSM MAKASSAR,0,0,0,0
2019/2019,5/29/2019,SEMEN PADANG,PERSIB BANDUNG,0,0,0,0
2019/2019,5/30/2019,PERSEBAYA SURABAYA,PSIS SEMARANG,1,1,1,0
2019/2019,5/31/2019,PERSIPURA JAYAPURA,PSS SLEMAN,1,1,1,0
2019/2019,5/31/2019,BALI UNITED,PERSIJA JAKARTA,1,0,0,0
2019/2019,6/18/2019,PERSIB BANDUNG,PERSIKABO 1973,1,1,1,1
2019/2019,6/21/2019,PSS SLEMAN,BHAYANGKARA FC,1,1,0,1
2019/2019,6/21/2019,SEMEN PADANG,PERSERU SERUI,1,2,1,1
2019/2019,6/22/2019,BALI UNITED,PSIS SEMARANG,1,0,0,0
2019/2019,6/22/2019,PS BARITO PUTERA,KALTENG PUTRA FC,1,2,0,0
2019/2019,6/22/2019,PERSELA LAMONGAN,PERSIJA JAKARTA,0,0,0,0
2019/2019,6/23/2019,PERSIB BANDUNG,MADURA UNITED,1,1,0,0
2019/2019,6/23/2019,PERSIKABO 1973,PERSIPURA JAYAPURA,2,1,0,1
2019/2019,6/23/2019,BORNEO FC,PERSEBAYA SURABAYA,1,2,0,1
2019/2019,6/26/2019,KALTENG PUTRA FC,BALI UNITED,2,2,0,1
2019/2019,6/26/2019,PERSERU SERUI,PSIS SEMARANG,0,1,0,1
2019/2019,6/26/2019,BHAYANGKARA FC,PERSELA LAMONGAN,3,1,1,1
2019/2019,6/28/2019,PERSIPURA JAYAPURA,SEMEN PADANG,1,1,0,1
2019/2019,6/29/2019,AREMA FC,PERSIKABO 1973,1,2,0,1
2019/2019,6/30/2019,PERSIB BANDUNG,BHAYANGKARA FC,1,2,0,1
2019/2019,6/30/2019,PSIS SEMARANG,PS BARITO PUTERA,0,0,0,0
2019/2019,6/30/2019,PERSERU SERUI,BALI UNITED,0,3,0,1
2019/2019,7/1/2019,PERSEBAYA SURABAYA,PERSELA LAMONGAN,3,2,1,1
2019/2019,7/3/2019,PERSIJA JAKARTA,PSS SLEMAN,1,0,1,0
2019/2019,7/3/2019,KALTENG PUTRA FC,BORNEO FC,0,1,0,1
2019/2019,7/4/2019,MADURA UNITED,PSM MAKASSAR,2,0,1,0
2019/2019,7/4/2019,AREMA FC,PERSIPURA JAYAPURA,3,1,2,0
2019/2019,7/4/2019,BHAYANGKARA FC,PERSIKABO 1973,1,1,1,1
2019/2019,7/5/2019,PERSERU SERUI,PS BARITO PUTERA,3,3,2,2
2019/2019,7/5/2019,PERSEBAYA SURABAYA,PERSIB BANDUNG,4,0,2,0
2019/2019,7/6/2019,PSIS SEMARANG,PERSELA LAMONGAN,2,0,0,0
2019/2019,7/7/2019,KALTENG PUTRA FC,PSS SLEMAN,0,2,0,2
2019/2019,7/8/2019,SEMEN PADANG,PERSIKABO 1973,1,3,0,2
2019/2019,7/9/2019,PERSEBAYA SURABAYA,PS BARITO PUTERA,2,2,0,0
2019/2019,7/10/2019,PERSIPURA JAYAPURA,PERSERU SERUI,1,1,0,1
2019/2019,7/10/2019,PERSIJA JAKARTA,PERSIB BANDUNG,1,1,0,0
2019/2019,7/10/2019,BORNEO FC,PSIS SEMARANG,2,0,2,0
2019/2019,7/11/2019,PERSELA LAMONGAN,KALTENG PUTRA FC,3,0,2,0
2019/2019,7/12/2019,SEMEN PADANG,AREMA FC,0,1,0,1
2019/2019,7/12/2019,PERSIKABO 1973,MADURA UNITED,2,2,1,0
2019/2019,7/13/2019,PSM MAKASSAR,BHAYANGKARA FC,2,1,1,1
2019/2019,7/13/2019,PSS SLEMAN,PERSEBAYA SURABAYA,2,1,1,1
2019/2019,7/14/2019,PS BARITO PUTERA,BALI UNITED,1,0,0,0
2019/2019,7/16/2019,PERSIPURA JAYAPURA,MADURA UNITED,1,0,1,0
2019/2019,7/16/2019,PERSIKABO 1973,PERSIJA JAKARTA,5,3,3,2
2019/2019,7/16/2019,AREMA FC,PERSERU SERUI,4,1,2,1
2019/2019,7/16/2019,PERSIB BANDUNG,KALTENG PUTRA FC,2,0,0,0
2019/2019,7/17/2019,PSS SLEMAN,PSIS SEMARANG,1,3,1,3
2019/2019,7/17/2019,SEMEN PADANG,BHAYANGKARA FC,2,3,1,1
2019/2019,7/17/2019,PSM MAKASSAR,PERSEBAYA SURABAYA,2,1,1,1
2019/2019,7/18/2019,PERSELA LAMONGAN,BALI UNITED,2,0,2,0
2019/2019,7/18/2019,BORNEO FC,PS BARITO PUTERA,4,3,2,0
2019/2019,7/20/2019,MADURA UNITED,AREMA FC,1,0,0,0
2019/2019,7/21/2019,PSIS SEMARANG,PERSIB BANDUNG,0,1,0,0
2019/2019,7/21/2019,BHAYANGKARA FC,PERSIPURA JAYAPURA,0,1,0,0
2019/2019,7/21/2019,PERSEBAYA SURABAYA,PERSIKABO 1973,1,1,1,0
2019/2019,7/22/2019,PERSERU SERUI,BORNEO FC,1,1,0,0
2019/2019,7/22/2019,BALI UNITED,PSS SLEMAN,3,1,2,0
2019/2019,7/22/2019,PS BARITO PUTERA,PERSELA LAMONGAN,0,0,0,0
2019/2019,7/26/2019,AREMA FC,BHAYANGKARA FC,3,2,2,0
2019/2019,7/26/2019,PERSIKABO 1973,KALTENG PUTRA FC,5,2,2,1
2019/2019,7/26/2019,PERSIB BANDUNG,BALI UNITED,0,2,0,1
2019/2019,7/27/2019,PSS SLEMAN,PS BARITO PUTERA,2,2,1,1
2019/2019,7/27/2019,MADURA UNITED,PERSERU SERUI,5,1,1,0
2019/2019,7/28/2019,SEMEN PADANG,PERSEBAYA SURABAYA,0,0,0,0
2019/2019,7/29/2019,PERSELA LAMONGAN,BORNEO FC,2,2,0,1
2019/2019,7/30/2019,AREMA FC,PERSIB BANDUNG,5,1,3,0
2019/2019,7/31/2019,MADURA UNITED,PSS SLEMAN,0,1,0,0
2019/2019,8/1/2019,BALI UNITED,PSM MAKASSAR,1,0,0,0
2019/2019,8/2/2019,KALTENG PUTRA FC,SEMEN PADANG,2,0,1,0
2019/2019,8/2/2019,PSIS SEMARANG,PERSIKABO 1973,0,2,0,1
2019/2019,8/2/2019,PERSEBAYA SURABAYA,PERSIPURA JAYAPURA,1,0,1,0
2019/2019,8/3/2019,PERSIJA JAKARTA,AREMA FC,2,2,1,1
2019/2019,8/4/2019,BORNEO FC,PSS SLEMAN,2,2,0,1
2019/2019,8/4/2019,PS BARITO PUTERA,PERSIB BANDUNG,1,0,0,0
2019/2019,8/5/2019,BHAYANGKARA FC,MADURA UNITED,1,1,1,0
2019/2019,8/6/2019,PSIS SEMARANG,PERSIPURA JAYAPURA,1,3,1,1
2019/2019,8/7/2019,KALTENG PUTRA FC,AREMA FC,4,2,2,1
2019/2019,8/8/2019,PERSELA LAMONGAN,PERSIB BANDUNG,2,2,1,2
2019/2019,8/9/2019,PERSERU SERUI,PSS SLEMAN,0,2,0,1
2019/2019,8/9/2019,BALI UNITED,SEMEN PADANG,4,1,2,1
2019/2019,8/9/2019,PS BARITO PUTERA,PERSIKABO 1973,2,4,1,2
2019/2019,8/10/2019,PERSEBAYA SURABAYA,MADURA UNITED,2,2,1,1
2019/2019,8/10/2019,PERSIJA JAKARTA,BHAYANGKARA FC,1,1,1,1
2019/2019,8/10/2019,BORNEO FC,PSM MAKASSAR,2,0,2,0
2019/2019,8/14/2019,PERSIPURA JAYAPURA,KALTENG PUTRA FC,2,0,1,0
2019/2019,8/14/2019,PSM MAKASSAR,PS BARITO PUTERA,2,1,0,0
2019/2019,8/14/2019,PERSIB BANDUNG,BORNEO FC,2,2,2,0
2019/2019,8/15/2019,AREMA FC,PERSEBAYA SURABAYA,4,0,1,0
2019/2019,8/15/2019,PERSIKABO 1973,BALI UNITED,1,2,0,1
2019/2019,8/15/2019,PSS SLEMAN,PERSELA LAMONGAN,1,1,1,1
2019/2019,8/16/2019,BHAYANGKARA FC,PERSERU SERUI,0,1,0,0
2019/2019,8/16/2019,SEMEN PADANG,PSIS SEMARANG,1,0,0,0
2019/2019,8/16/2019,MADURA UNITED,PERSIJA JAKARTA,2,2,0,1
2019/2019,8/18/2019,PSM MAKASSAR,PERSIB BANDUNG,3,1,2,0
2019/2019,8/19/2019,PERSIKABO 1973,PSS SLEMAN,3,1,2,1
2019/2019,8/19/2019,AREMA FC,PS BARITO PUTERA,2,1,1,0
2019/2019,8/19/2019,BORNEO FC,PERSIPURA JAYAPURA,1,1,0,0
2019/2019,8/20/2019,BHAYANGKARA FC,PSIS SEMARANG,0,0,0,0
2019/2019,8/20/2019,PERSIJA JAKARTA,KALTENG PUTRA FC,3,0,1,0
2019/2019,8/20/2019,SEMEN PADANG,PERSELA LAMONGAN,2,0,1,0
2019/2019,8/20/2019,MADURA UNITED,BALI UNITED,0,1,0,0
2019/2019,8/20/2019,PERSERU SERUI,PERSEBAYA SURABAYA,1,3,1,3
2019/2019,8/23/2019,PS BARITO PUTERA,PERSIPURA JAYAPURA,0,4,0,1
2019/2019,8/23/2019,PSS SLEMAN,PSM MAKASSAR,3,2,0,2
2019/2019,8/24/2019,PERSEBAYA SURABAYA,PERSIJA JAKARTA,1,1,0,0
2019/2019,8/24/2019,MADURA UNITED,PSIS SEMARANG,3,0,0,0
2019/2019,8/24/2019,BORNEO FC,SEMEN PADANG,1,0,1,0
2019/2019,8/24/2019,BALI UNITED,AREMA FC,2,1,1,1
2019/2019,8/25/2019,KALTENG PUTRA FC,BHAYANGKARA FC,3,2,1,2
2019/2019,8/25/2019,PERSELA LAMONGAN,PERSIKABO 1973,6,1,2,0
2019/2019,8/25/2019,PERSERU SERUI,PERSIB BANDUNG,1,1,1,0
2019/2019,8/28/2019,PERSIJA JAKARTA,PSM MAKASSAR,0,0,0,0
2019/2019,8/28/2019,MADURA UNITED,SEMEN PADANG,1,1,1,0
2019/2019,8/28/2019,BALI UNITED,BORNEO FC,2,1,1,0
2019/2019,8/30/2019,PERSIB BANDUNG,PSS SLEMAN,1,0,0,0
2019/2019,8/31/2019,BHAYANGKARA FC,PERSEBAYA SURABAYA,0,2,0,1
2019/2019,8/31/2019,AREMA FC,PSIS SEMARANG,1,1,1,0
2019/2019,9/1/2019,PERSIJA JAKARTA,PERSERU SERUI,0,1,0,1
2019/2019,9/1/2019,SEMEN PADANG,PS BARITO PUTERA,2,3,0,1
2019/2019,9/1/2019,PSM MAKASSAR,PERSELA LAMONGAN,2,1,0,1
2019/2019,9/1/2019,PERSIKABO 1973,BORNEO FC,2,2,0,1
2019/2019,9/1/2019,MADURA UNITED,KALTENG PUTRA FC,2,1,0,0
2019/2019,9/11/2019,PSM MAKASSAR,PSIS SEMARANG,0,1,0,0
2019/2019,9/11/2019,PERSIPURA JAYAPURA,PERSIJA JAKARTA,2,0,0,0
2019/2019,9/11/2019,PERSERU SERUI,PERSELA LAMONGAN,1,1,0,1
2019/2019,9/13/2019,BHAYANGKARA FC,BALI UNITED,0,0,0,0
2019/2019,9/13/2019,SEMEN PADANG,PSS SLEMAN,0,1,0,0
2019/2019,9/13/2019,AREMA FC,BORNEO FC,2,2,2,2
2019/2019,9/13/2019,KALTENG PUTRA FC,PERSEBAYA SURABAYA,1,1,1,1
2019/2019,9/14/2019,MADURA UNITED,PS BARITO PUTERA,2,2,0,1
2019/2019,9/14/2019,PERSIKABO 1973,PERSIB BANDUNG,1,1,1,1
2019/2019,9/15/2019,PERSIJA JAKARTA,PSIS SEMARANG,2,1,1,0
2019/2019,9/15/2019,PERSIPURA JAYAPURA,PERSELA LAMONGAN,2,0,1,0
2019/2019,9/15/2019,PERSERU SERUI,PSM MAKASSAR,1,1,0,1
2019/2019,9/18/2019,PS BARITO PUTERA,BHAYANGKARA FC,1,4,0,2
2019/2019,9/18/2019,BORNEO FC,MADURA UNITED,2,1,0,1
2019/2019,9/18/2019,PERSIB BANDUNG,SEMEN PADANG,1,1,1,0
2019/2019,9/19/2019,PERSIJA JAKARTA,BALI UNITED,0,1,0,0
2019/2019,9/19/2019,PSS SLEMAN,PERSIPURA JAYAPURA,1,1,0,1
2019/2019,9/19/2019,PERSERU SERUI,KALTENG PUTRA FC,2,1,0,0
2019/2019,9/19/2019,PSM MAKASSAR,PERSIKABO 1973,2,0,1,0
2019/2019,9/20/2019,PSIS SEMARANG,PERSEBAYA SURABAYA,0,4,0,2
2019/2019,9/20/2019,PERSELA LAMONGAN,AREMA FC,2,0,1,0
2019/2019,9/22/2019,BHAYANGKARA FC,BORNEO FC,1,1,0,0
2019/2019,9/23/2019,PERSIJA JAKARTA,PS BARITO PUTERA,1,0,0,0
2019/2019,9/23/2019,PERSIPURA JAYAPURA,PERSIB BANDUNG,1,3,1,1
2019/2019,9/23/2019,SEMEN PADANG,PSM MAKASSAR,2,1,1,0
2019/2019,9/23/2019,PERSERU SERUI,PERSIKABO 1973,2,2,1,1
2019/2019,9/24/2019,AREMA FC,PSS SLEMAN,4,0,2,0
2019/2019,9/24/2019,KALTENG PUTRA FC,PSIS SEMARANG,0,0,0,0
2019/2019,9/24/2019,PERSEBAYA SURABAYA,BALI UNITED,1,1,1,0
2019/2019,9/24/2019,MADURA UNITED,PERSELA LAMONGAN,2,1,1,0
2019/2019,9/27/2019,PERSIPURA JAYAPURA,PSM MAKASSAR,3,1,1,0
2019/2019,9/27/2019,PERSIKABO 1973,SEMEN PADANG,1,1,0,1
2019/2019,9/27/2019,BORNEO FC,PERSIJA JAKARTA,1,0,0,0
2019/2019,9/28/2019,PS BARITO PUTERA,PERSEBAYA SURABAYA,1,0,0,0
2019/2019,9/28/2019,PERSELA LAMONGAN,BHAYANGKARA FC,1,1,0,1
2019/2019,9/29/2019,PSIS SEMARANG,PERSERU SERUI,0,0,0,0
2019/2019,9/29/2019,PSS SLEMAN,MADURA UNITED,2,2,1,1
2019/2019,9/29/2019,BALI UNITED,KALTENG PUTRA FC,2,1,2,1
2019/2019,10/2/2019,PERSIPURA JAYAPURA,PERSIKABO 1973,3,0,1,0
2019/2019,10/2/2019,AREMA FC,PSM MAKASSAR,2,0,0,0
2019/2019,10/4/2019,BHAYANGKARA FC,PSS SLEMAN,0,2,0,0
2019/2019,10/5/2019,KALTENG PUTRA FC,PS BARITO PUTERA,1,1,0,0
2019/2019,10/5/2019,PERSERU SERUI,SEMEN PADANG,0,1,0,0
2019/2019,10/5/2019,MADURA UNITED,PERSIB BANDUNG,2,1,1,1
2019/2019,10/11/2019,PERSEBAYA SURABAYA,BORNEO FC,0,0,0,0
2019/2019,10/16/2019,PERSIJA JAKARTA,SEMEN PADANG,1,2,1,0
2019/2019,10/16/2019,PSM MAKASSAR,AREMA FC,6,2,3,1
2019/2019,10/18/2019,PERSELA LAMONGAN,PSIS SEMARANG,0,1,0,0
2019/2019,10/18/2019,PSS SLEMAN,KALTENG PUTRA FC,1,0,1,0
2019/2019,10/18/2019,PS BARITO PUTERA,PERSERU SERUI,4,1,2,0
2019/2019,10/18/2019,PERSIB BANDUNG,PERSEBAYA SURABAYA,4,1,2,0
2019/2019,10/18/2019,BORNEO FC,BALI UNITED,6,0,1,0
2019/2019,10/19/2019,PERSIKABO 1973,BHAYANGKARA FC,0,2,0,1
2019/2019,10/20/2019,SEMEN PADANG,MADURA UNITED,1,2,0,1
2019/2019,10/20/2019,PERSIPURA JAYAPURA,AREMA FC,2,2,2,0
2019/2019,10/20/2019,PSM MAKASSAR,PERSIJA JAKARTA,0,1,0,0
2019/2019,10/22/2019,BALI UNITED,PERSERU SERUI,3,0,1,0
2019/2019,10/22/2019,PS BARITO PUTERA,PSIS SEMARANG,2,0,1,0
2019/2019,10/22/2019,BORNEO FC,KALTENG PUTRA FC,2,0,2,0
2019/2019,10/23/2019,PERSELA LAMONGAN,PERSEBAYA SURABAYA,1,0,0,0
2019/2019,10/23/2019,BHAYANGKARA FC,PERSIB BANDUNG,0,0,0,0
2019/2019,10/24/2019,PERSIKABO 1973,AREMA FC,1,1,0,1
2019/2019,10/24/2019,PSM MAKASSAR,MADURA UNITED,1,0,0,0
2019/2019,10/24/2019,SEMEN PADANG,PERSIPURA JAYAPURA,1,2,1,1
2019/2019,10/24/2019,PSS SLEMAN,PERSIJA JAKARTA,0,0,0,0
2019/2019,10/26/2019,PSIS SEMARANG,BORNEO FC,2,2,1,0
2019/2019,10/27/2019,KALTENG PUTRA FC,PERSELA LAMONGAN,2,0,2,0
2019/2019,10/27/2019,BALI UNITED,PS BARITO PUTERA,3,2,2,1
2019/2019,10/28/2019,PERSERU SERUI,PERSIPURA JAYAPURA,0,1,0,0
2019/2019,10/28/2019,PERSIB BANDUNG,PERSIJA JAKARTA,2,0,0,0
2019/2019,10/28/2019,AREMA FC,SEMEN PADANG,1,0,0,0
2019/2019,10/29/2019,PERSEBAYA SURABAYA,PSS SLEMAN,2,3,1,3
2019/2019,10/29/2019,BHAYANGKARA FC,PSM MAKASSAR,3,2,1,1
2019/2019,10/30/2019,MADURA UNITED,PERSIKABO 1973,1,0,0,0
2019/2019,10/31/2019,BALI UNITED,PERSELA LAMONGAN,1,1,1,0
2019/2019,10/31/2019,PS BARITO PUTERA,BORNEO FC,1,0,1,0
2019/2019,11/1/2019,PERSERU SERUI,AREMA FC,4,3,2,0
2019/2019,11/1/2019,KALTENG PUTRA FC,PERSIB BANDUNG,0,2,0,1
2019/2019,11/2/2019,PSIS SEMARANG,PSS SLEMAN,3,0,2,0
2019/2019,11/2/2019,BHAYANGKARA FC,SEMEN PADANG,2,2,0,0
2019/2019,11/3/2019,PERSIJA JAKARTA,PERSIKABO 1973,2,0,0,0
2019/2019,11/3/2019,MADURA UNITED,PERSIPURA JAYAPURA,0,2,0,1
2019/2019,11/4/2019,PERSELA LAMONGAN,PS BARITO PUTERA,0,0,0,0
2019/2019,11/5/2019,BORNEO FC,PERSERU SERUI,1,1,1,0
2019/2019,11/6/2019,PSM MAKASSAR,KALTENG PUTRA FC,2,1,1,1
2019/2019,11/6/2019,PSS SLEMAN,BALI UNITED,0,0,0,0
2019/2019,11/6/2019,PERSIB BANDUNG,PSIS SEMARANG,2,1,1,0
2019/2019,11/7/2019,PERSIPURA JAYAPURA,BHAYANGKARA FC,1,3,0,1
2019/2019,11/7/2019,SEMEN PADANG,PERSIJA JAKARTA,2,2,2,1
2019/2019,11/8/2019,AREMA FC,MADURA UNITED,2,0,1,0
2019/2019,11/9/2019,PERSIKABO 1973,PERSEBAYA SURABAYA,2,2,1,1
2019/2019,11/10/2019,KALTENG PUTRA FC,PSM MAKASSAR,3,1,2,1
2019/2019,11/11/2019,PERSIPURA JAYAPURA,BALI UNITED,2,2,1,1
2019/2019,11/11/2019,PERSIJA JAKARTA,BORNEO FC,4,2,2,0
2019/2019,11/12/2019,PERSIB BANDUNG,AREMA FC,3,0,3,0
2019/2019,11/14/2019,PERSEBAYA SURABAYA,PSM MAKASSAR,3,2,1,1
2019/2019,11/15/2019,PERSIJA JAKARTA,PERSELA LAMONGAN,4,3,2,3
2019/2019,11/15/2019,PSIS SEMARANG,BALI UNITED,1,0,1,0
2019/2019,11/18/2019,PSM MAKASSAR,PERSIPURA JAYAPURA,4,0,3,0
2019/2019,11/20/2019,PERSELA LAMONGAN,PERSERU SERUI,1,0,0,0
2019/2019,11/20/2019,PSS SLEMAN,BORNEO FC,0,1,0,1
2019/2019,11/21/2019,SEMEN PADANG,KALTENG PUTRA FC,1,0,1,0
2019/2019,11/22/2019,PERSIKABO 1973,PSIS SEMARANG,1,2,1,1
2019/2019,11/22/2019,MADURA UNITED,BHAYANGKARA FC,1,2,0,1
2019/2019,11/23/2019,AREMA FC,PERSIJA JAKARTA,1,1,0,0
2019/2019,11/23/2019,PSM MAKASSAR,BALI UNITED,1,0,1,0
2019/2019,11/24/2019,PERSIB BANDUNG,PS BARITO PUTERA,0,0,0,0
2019/2019,11/24/2019,PERSIPURA JAYAPURA,PERSEBAYA SURABAYA,0,1,0,0
2019/2019,11/27/2019,BHAYANGKARA FC,AREMA FC,1,0,1,0
2019/2019,11/27/2019,KALTENG PUTRA FC,PERSIKABO 1973,1,0,0,0
2019/2019,11/27/2019,PERSERU SERUI,MADURA UNITED,3,0,2,0
2019/2019,11/27/2019,PSIS SEMARANG,PSM MAKASSAR,1,0,1,0
2019/2019,11/27/2019,BORNEO FC,PERSELA LAMONGAN,1,2,0,1
2019/2019,11/28/2019,PERSEBAYA SURABAYA,SEMEN PADANG,1,1,1,1
2019/2019,11/28/2019,PS BARITO PUTERA,PSS SLEMAN,1,0,1,0
2019/2019,11/28/2019,PERSIJA JAKARTA,PERSIPURA JAYAPURA,1,0,0,0
2019/2019,11/28/2019,BALI UNITED,PERSIB BANDUNG,3,2,0,1
2019/2019,12/1/2019,AREMA FC,KALTENG PUTRA FC,1,1,0,1
2019/2019,12/2/2019,PSM MAKASSAR,BORNEO FC,2,2,0,0
2019/2019,12/2/2019,SEMEN PADANG,BALI UNITED,0,2,0,0
2019/2019,12/2/2019,MADURA UNITED,PERSEBAYA SURABAYA,2,3,0,1
2019/2019,12/2/2019,PERSIKABO 1973,PS BARITO PUTERA,0,1,0,1
2019/2019,12/3/2019,PSS SLEMAN,PERSERU SERUI,5,1,2,0
2019/2019,12/3/2019,PERSIB BANDUNG,PERSELA LAMONGAN,0,2,0,1
2019/2019,12/4/2019,PERSIPURA JAYAPURA,PSIS SEMARANG,2,0,1,0
2019/2019,12/4/2019,BHAYANGKARA FC,PERSIJA JAKARTA,3,0,3,0
2019/2019,12/6/2019,BORNEO FC,PERSIKABO 1973,4,1,2,0
2019/2019,12/6/2019,PS BARITO PUTERA,SEMEN PADANG,0,3,0,1
2019/2019,12/6/2019,KALTENG PUTRA FC,MADURA UNITED,1,4,1,2
2019/2019,12/7/2019,PERSELA LAMONGAN,PSM MAKASSAR,3,1,1,1
2019/2019,12/7/2019,PSS SLEMAN,PERSIB BANDUNG,0,0,0,0
2019/2019,12/8/2019,PERSEBAYA SURABAYA,BHAYANGKARA FC,4,0,1,0
2019/2019,12/8/2019,PSIS SEMARANG,AREMA FC,5,1,2,0
2019/2019,12/8/2019,PERSERU SERUI,PERSIJA JAKARTA,2,0,0,0
2019/2019,12/8/2019,BALI UNITED,PERSIPURA JAYAPURA,1,1,0,1
2019/2019,12/11/2019,PERSELA LAMONGAN,PSS SLEMAN,1,0,0,0
2019/2019,12/11/2019,BORNEO FC,PERSIB BANDUNG,0,1,0,1
2019/2019,12/11/2019,PS BARITO PUTERA,PSM MAKASSAR,3,2,2,0
2019/2019,12/12/2019,PERSEBAYA SURABAYA,AREMA FC,4,1,2,0
2019/2019,12/12/2019,BALI UNITED,PERSIKABO 1973,0,1,0,0
2019/2019,12/12/2019,KALTENG PUTRA FC,PERSIPURA JAYAPURA,0,0,0,0
2019/2019,12/12/2019,PERSERU SERUI,BHAYANGKARA FC,2,3,1,1
2019/2019,12/13/2019,PERSIJA JAKARTA,MADURA UNITED,4,0,4,0
2019/2019,12/13/2019,PSIS SEMARANG,SEMEN PADANG,2,0,1,0
2019/2019,12/15/2019,PSM MAKASSAR,PSS SLEMAN,1,1,0,1
2019/2019,12/16/2019,AREMA FC,BALI UNITED,3,2,2,1
2019/2019,12/16/2019,PERSIPURA JAYAPURA,PS BARITO PUTERA,1,0,0,0
2019/2019,12/16/2019,BHAYANGKARA FC,KALTENG PUTRA FC,1,0,0,0
2019/2019,12/16/2019,PERSIB BANDUNG,PERSERU SERUI,4,0,0,0
2019/2019,12/16/2019,PERSIKABO 1973,PERSELA LAMONGAN,1,1,1,0
2019/2019,12/17/2019,SEMEN PADANG,BORNEO FC,1,1,0,0
2019/2019,12/17/2019,PERSIJA JAKARTA,PERSEBAYA SURABAYA,1,2,1,2
2019/2019,12/17/2019,PSIS SEMARANG,MADURA UNITED,2,3,1,2
2019/2019,12/21/2019,KALTENG PUTRA FC,PERSIJA JAKARTA,1,3,0,0
2019/2019,12/21/2019,PERSEBAYA SURABAYA,PERSERU SERUI,2,1,0,0
2019/2019,12/21/2019,PERSELA LAMONGAN,SEMEN PADANG,2,0,0,0
2019/2019,12/21/2019,PSIS SEMARANG,BHAYANGKARA FC,2,3,2,2
2019/2019,12/22/2019,PS BARITO PUTERA,AREMA FC,3,0,1,0
2019/2019,12/22/2019,PERSIB BANDUNG,PSM MAKASSAR,5,2,2,1
2019/2019,12/22/2019,PERSIPURA JAYAPURA,BORNEO FC,2,2,0,1
2019/2019,12/22/2019,PSS SLEMAN,PERSIKABO 1973,5,2,4,0
2019/2019,12/22/2019,BALI UNITED,MADURA UNITED,0,2,0,2
2021/2022,8/27/2021,BALI UNITED,PERSIK KEDIRI,1,0,0,0
2021/2022,8/28/2021,PERSIPURA JAYAPURA,PERSITA TANGERANG,1,2,1,2
2021/2022,8/29/2021,BHAYANGKARA FC,PERSIRAJA BANDA ACEH,2,1,2,1
2021/2022,9/3/2021,PERSIKABO 1973,MADURA UNITED,1,1,0,1
2021/2022,9/4/2021,PSIS SEMARANG,PERSELA LAMONGAN,1,0,0,0
2021/2022,9/4/2021,BORNEO FC,PERSEBAYA SURABAYA,3,1,1,0
2021/2022,9/4/2021,PERSIB BANDUNG,PS BARITO PUTERA,1,0,0,0
2021/2022,9/5/2021,PSM MAKASSAR,AREMA FC,1,1,1,1
2021/2022,9/5/2021,PSS SLEMAN,PERSIJA JAKARTA,1,1,0,1
2021/2022,9/10/2021,PERSELA LAMONGAN,PERSIPURA JAYAPURA,1,0,1,0
2021/2022,9/10/2021,PERSIK KEDIRI,BORNEO FC,1,0,0,0
2021/2022,9/11/2021,PS BARITO PUTERA,BALI UNITED,1,2,1,2
2021/2022,9/11/2021,PERSIRAJA BANDA ACEH,PSS SLEMAN,3,2,1,1
2021/2022,9/11/2021,PERSEBAYA SURABAYA,PERSIKABO 1973,3,1,3,0
2021/2022,9/11/2021,PERSITA TANGERANG,PERSIB BANDUNG,1,2,0,1
2021/2022,9/12/2021,AREMA FC,BHAYANGKARA FC,1,1,0,0
2021/2022,9/12/2021,MADURA UNITED,PSM MAKASSAR,1,1,0,1
2021/2022,9/12/2021,PERSIJA JAKARTA,PSIS SEMARANG,2,2,1,0
2021/2022,9/17/2021,PERSELA LAMONGAN,PERSITA TANGERANG,0,1,0,0
2021/2022,9/17/2021,BORNEO FC,PS BARITO PUTERA,1,1,0,0
2021/2022,9/17/2021,PERSIKABO 1973,PERSIK KEDIRI,2,2,1,1
2021/2022,9/18/2021,BHAYANGKARA FC,MADURA UNITED,1,0,1,0
2021/2022,9/18/2021,PSIS SEMARANG,PERSIRAJA BANDA ACEH,3,1,0,0
2021/2022,9/18/2021,PSM MAKASSAR,PERSEBAYA SURABAYA,3,1,3,1
2021/2022,9/18/2021,BALI UNITED,PERSIB BANDUNG,2,2,1,1
2021/2022,9/19/2021,PSS SLEMAN,AREMA FC,2,1,1,1
2021/2022,9/19/2021,PERSIPURA JAYAPURA,PERSIJA JAKARTA,0,0,0,0
2021/2022,9/23/2021,PERSIK KEDIRI,PSM MAKASSAR,2,3,2,2
2021/2022,9/23/2021,PS BARITO PUTERA,PERSIKABO 1973,0,3,0,1
2021/2022,9/23/2021,PERSIB BANDUNG,BORNEO FC,0,0,0,0
2021/2022,9/24/2021,PERSIJA JAKARTA,PERSELA LAMONGAN,2,1,1,0
2021/2022,9/24/2021,PERSEBAYA SURABAYA,BHAYANGKARA FC,0,1,0,0
2021/2022,9/24/2021,PERSITA TANGERANG,BALI UNITED,1,2,0,1
2021/2022,9/24/2021,PERSIRAJA BANDA ACEH,PERSIPURA JAYAPURA,1,2,1,1
2021/2022,9/25/2021,AREMA FC,PSIS SEMARANG,0,0,0,0
2021/2022,9/25/2021,MADURA UNITED,PSS SLEMAN,1,0,0,0
2021/2022,9/27/2021,PERSIKABO 1973,PERSIB BANDUNG,0,0,0,0
2021/2022,9/27/2021,PSM MAKASSAR,PS BARITO PUTERA,0,2,0,0
2021/2022,9/28/2021,PERSELA LAMONGAN,PERSIRAJA BANDA ACEH,1,0,1,0
2021/2022,9/28/2021,BORNEO FC,BALI UNITED,1,1,0,0
2021/2022,9/28/2021,PERSIJA JAKARTA,PERSITA TANGERANG,1,1,1,1
2021/2022,9/29/2021,PERSIPURA JAYAPURA,AREMA FC,0,1,0,1
2021/2022,9/29/2021,PSIS SEMARANG,MADURA UNITED,0,0,0,0
2021/2022,9/29/2021,BHAYANGKARA FC,PERSIK KEDIRI,2,0,1,0
2021/2022,9/29/2021,PSS SLEMAN,PERSEBAYA SURABAYA,1,3,0,2
2021/2022,10/2/2021,BALI UNITED,PERSIKABO 1973,1,1,0,1
2021/2022,10/2/2021,BORNEO FC,PERSITA TANGERANG,2,2,1,0
2021/2022,10/2/2021,PERSIRAJA BANDA ACEH,PERSIJA JAKARTA,0,1,0,0
2021/2022,10/2/2021,PERSIB BANDUNG,PSM MAKASSAR,1,1,0,0
2021/2022,10/3/2021,MADURA UNITED,PERSIPURA JAYAPURA,2,2,1,0
2021/2022,10/3/2021,PERSIK KEDIRI,PSS SLEMAN,0,0,0,0
2021/2022,10/3/2021,AREMA FC,PERSELA LAMONGAN,3,0,3,0
2021/2022,10/3/2021,PS BARITO PUTERA,BHAYANGKARA FC,2,3,1,0
2021/2022,10/3/2021,PERSEBAYA SURABAYA,PSIS SEMARANG,2,3,1,2
2021/2022,10/15/2021,PSIS SEMARANG,PERSIK KEDIRI,3,0,3,0
2021/2022,10/15/2021,PSS SLEMAN,PS BARITO PUTERA,3,2,2,1
2021/2022,10/16/2021,PERSELA LAMONGAN,MADURA UNITED,2,2,1,0
2021/2022,10/16/2021,PERSITA TANGERANG,PERSIRAJA BANDA ACEH,1,1,1,1
2021/2022,10/16/2021,PERSIPURA JAYAPURA,PERSEBAYA SURABAYA,1,3,0,0
2021/2022,10/16/2021,BHAYANGKARA FC,PERSIB BANDUNG,0,2,0,2
2021/2022,10/17/2021,PSM MAKASSAR,BALI UNITED,2,1,0,0
2021/2022,10/17/2021,PERSIJA JAKARTA,AREMA FC,0,1,0,1
2021/2022,10/17/2021,PERSIKABO 1973,BORNEO FC,3,0,2,0
2021/2022,10/20/2021,PS BARITO PUTERA,PSIS SEMARANG,0,1,0,0
2021/2022,10/21/2021,PERSIK KEDIRI,PERSIPURA JAYAPURA,4,2,3,1
2021/2022,10/21/2021,PERSEBAYA SURABAYA,PERSELA LAMONGAN,1,1,1,1
2021/2022,10/22/2021,PERSITA TANGERANG,PERSIKABO 1973,2,1,2,0
2021/2022,10/22/2021,PERSIB BANDUNG,PSS SLEMAN,4,2,0,1
2021/2022,10/22/2021,MADURA UNITED,PERSIJA JAKARTA,2,3,0,1
2021/2022,10/22/2021,BORNEO FC,PSM MAKASSAR,2,1,0,1
2021/2022,10/23/2021,PERSIRAJA BANDA ACEH,AREMA FC,0,2,0,1
2021/2022,10/23/2021,BALI UNITED,BHAYANGKARA FC,1,2,1,1
2021/2022,10/25/2021,PERSIPURA JAYAPURA,PS BARITO PUTERA,0,1,0,0
2021/2022,10/25/2021,PERSELA LAMONGAN,PERSIK KEDIRI,1,0,1,0
2021/2022,10/26/2021,PSM MAKASSAR,PERSIKABO 1973,0,0,0,0
2021/2022,10/26/2021,PSIS SEMARANG,PERSIB BANDUNG,0,1,0,0
2021/2022,10/26/2021,PERSIJA JAKARTA,PERSEBAYA SURABAYA,0,1,0,1
2021/2022,10/27/2021,BHAYANGKARA FC,BORNEO FC,2,1,0,1
2021/2022,10/27/2021,PERSIRAJA BANDA ACEH,MADURA UNITED,1,2,0,1
2021/2022,10/27/2021,AREMA FC,PERSITA TANGERANG,2,2,2,1
2021/2022,10/27/2021,PSS SLEMAN,BALI UNITED,0,2,0,0
2021/2022,10/29/2021,PS BARITO PUTERA,PERSELA LAMONGAN,1,1,1,1
2021/2022,10/30/2021,PERSIB BANDUNG,PERSIPURA JAYAPURA,3,0,2,0
2021/2022,10/30/2021,PERSIK KEDIRI,PERSIJA JAKARTA,2,2,2,1
2021/2022,10/31/2021,PERSIKABO 1973,BHAYANGKARA FC,0,1,0,1
2021/2022,10/31/2021,PERSEBAYA SURABAYA,PERSIRAJA BANDA ACEH,2,0,1,0
2021/2022,10/31/2021,BALI UNITED,PSIS SEMARANG,0,0,0,0
2021/2022,11/1/2021,BORNEO FC,PSS SLEMAN,1,2,0,1
2021/2022,11/1/2021,PERSITA TANGERANG,PSM MAKASSAR,0,3,0,1
2021/2022,11/1/2021,MADURA UNITED,AREMA FC,1,2,0,0
2021/2022,11/4/2021,PERSELA LAMONGAN,PERSIB BANDUNG,1,3,1,3
2021/2022,11/5/2021,PERSIPURA JAYAPURA,BALI UNITED,0,1,0,0
2021/2022,11/5/2021,PERSIJA JAKARTA,PS BARITO PUTERA,1,1,1,1
2021/2022,11/6/2021,MADURA UNITED,PERSITA TANGERANG,1,2,1,0
2021/2022,11/6/2021,PSIS SEMARANG,BORNEO FC,0,1,0,0
2021/2022,11/6/2021,BHAYANGKARA FC,PSM MAKASSAR,2,0,1,0
2021/2022,11/6/2021,PERSIRAJA BANDA ACEH,PERSIK KEDIRI,1,1,0,0
2021/2022,11/6/2021,AREMA FC,PERSEBAYA SURABAYA,2,2,2,1
2021/2022,11/7/2021,PSS SLEMAN,PERSIKABO 1973,3,2,2,2
2021/2022,11/18/2021,PERSITA TANGERANG,BHAYANGKARA FC,2,1,1,0
2021/2022,11/18/2021,PERSIKABO 1973,PSIS SEMARANG,2,2,0,2
2021/2022,11/18/2021,BORNEO FC,PERSIPURA JAYAPURA,1,0,0,0
2021/2022,11/18/2021,PSM MAKASSAR,PSS SLEMAN,2,2,1,1
2021/2022,11/19/2021,PS BARITO PUTERA,PERSIRAJA BANDA ACEH,4,1,2,0
2021/2022,11/19/2021,PERSIK KEDIRI,AREMA FC,2,3,1,3
2021/2022,11/19/2021,BALI UNITED,PERSELA LAMONGAN,2,1,1,1
2021/2022,11/20/2021,PERSEBAYA SURABAYA,MADURA UNITED,1,0,0,0
2021/2022,11/20/2021,PERSIB BANDUNG,PERSIJA JAKARTA,0,1,0,1
2021/2022,11/22/2021,PERSIPURA JAYAPURA,PERSIKABO 1973,2,1,2,1
2021/2022,11/22/2021,PSS SLEMAN,BHAYANGKARA FC,0,0,0,0
2021/2022,11/22/2021,PSIS SEMARANG,PSM MAKASSAR,1,0,1,0
2021/2022,11/23/2021,PERSELA LAMONGAN,BORNEO FC,0,2,0,1
2021/2022,11/23/2021,AREMA FC,PS BARITO PUTERA,2,1,0,0
2021/2022,11/24/2021,MADURA UNITED,PERSIK KEDIRI,2,0,1,0
2021/2022,11/24/2021,PERSEBAYA SURABAYA,PERSITA TANGERANG,4,0,1,0
2021/2022,11/24/2021,PERSIRAJA BANDA ACEH,PERSIB BANDUNG,0,4,0,3
2021/2022,11/25/2021,PERSIJA JAKARTA,BALI UNITED,0,1,0,1
2021/2022,11/26/2021,BHAYANGKARA FC,PSIS SEMARANG,0,0,0,0
2021/2022,11/27/2021,PERSIKABO 1973,PERSELA LAMONGAN,4,2,2,1
2021/2022,11/27/2021,PSM MAKASSAR,PERSIPURA JAYAPURA,1,1,1,1
2021/2022,11/28/2021,PERSITA TANGERANG,PSS SLEMAN,1,0,0,0
2021/2022,11/28/2021,PS BARITO PUTERA,MADURA UNITED,0,3,0,2
2021/2022,11/28/2021,PERSIK KEDIRI,PERSEBAYA SURABAYA,0,0,0,0
2021/2022,11/28/2021,PERSIB BANDUNG,AREMA FC,0,1,0,1
2021/2022,11/29/2021,BORNEO FC,PERSIJA JAKARTA,2,1,0,1
2021/2022,11/30/2021,BALI UNITED,PERSIRAJA BANDA ACEH,5,0,2,0
2021/2022,12/2/2021,PERSIPURA JAYAPURA,BHAYANGKARA FC,0,2,0,1
2021/2022,12/2/2021,PERSELA LAMONGAN,PSM MAKASSAR,1,1,0,0
2021/2022,12/3/2021,PERSIK KEDIRI,PERSITA TANGERANG,2,0,0,0
2021/2022,12/3/2021,PSIS SEMARANG,PSS SLEMAN,1,2,1,1
2021/2022,12/3/2021,PERSIJA JAKARTA,PERSIKABO 1973,1,0,0,0
2021/2022,12/4/2021,PERSEBAYA SURABAYA,PS BARITO PUTERA,2,0,1,0
2021/2022,12/4/2021,MADURA UNITED,PERSIB BANDUNG,0,1,0,1
2021/2022,12/5/2021,PERSIRAJA BANDA ACEH,BORNEO FC,0,2,0,1
2021/2022,12/5/2021,AREMA FC,BALI UNITED,0,0,0,0
2021/2022,12/6/2021,BHAYANGKARA FC,PERSELA LAMONGAN,2,0,2,0
2021/2022,12/7/2021,PSS SLEMAN,PERSIPURA JAYAPURA,1,1,0,0
2021/2022,12/7/2021,PERSITA TANGERANG,PSIS SEMARANG,2,3,0,2
2021/2022,12/7/2021,PSM MAKASSAR,PERSIJA JAKARTA,0,3,0,0
2021/2022,12/8/2021,PS BARITO PUTERA,PERSIK KEDIRI,0,2,0,1
2021/2022,12/8/2021,PERSIB BANDUNG,PERSEBAYA SURABAYA,0,3,0,0
2021/2022,12/9/2021,PERSIKABO 1973,PERSIRAJA BANDA ACEH,5,0,2,0
2021/2022,12/9/2021,BALI UNITED,MADURA UNITED,0,1,0,0
2021/2022,12/10/2021,BORNEO FC,AREMA FC,1,2,0,0
2021/2022,12/11/2021,PERSELA LAMONGAN,PSS SLEMAN,1,1,0,1
2021/2022,12/11/2021,PERSIJA JAKARTA,BHAYANGKARA FC,0,0,0,0
2021/2022,12/11/2021,PERSIPURA JAYAPURA,PSIS SEMARANG,2,1,0,1
2021/2022,12/12/2021,PERSIK KEDIRI,PERSIB BANDUNG,0,1,0,1
2021/2022,12/12/2021,PERSITA TANGERANG,PS BARITO PUTERA,0,1,0,1
2021/2022,12/13/2021,PERSIRAJA BANDA ACEH,PSM MAKASSAR,0,0,0,0
2021/2022,12/14/2021,MADURA UNITED,BORNEO FC,2,2,2,1
2021/2022,1/5/2022,AREMA FC,PERSIKABO 1973,0,0,0,0
2021/2022,1/5/2022,PERSEBAYA SURABAYA,BALI UNITED,3,1,1,1
2021/2022,1/6/2022,PERSIPURA JAYAPURA,PERSELA LAMONGAN,1,0,0,0
2021/2022,1/6/2022,PSIS SEMARANG,PERSIJA JAKARTA,1,2,1,1
2021/2022,1/7/2022,PSS SLEMAN,PERSIRAJA BANDA ACEH,4,1,3,0
2021/2022,1/7/2022,PERSIB BANDUNG,PERSITA TANGERANG,1,0,1,0
2021/2022,1/8/2022,PSM MAKASSAR,MADURA UNITED,1,0,1,0
2021/2022,1/8/2022,BORNEO FC,PERSIK KEDIRI,1,1,0,1
2021/2022,1/9/2022,BALI UNITED,PS BARITO PUTERA,3,0,1,0
2021/2022,1/9/2022,BHAYANGKARA FC,AREMA FC,0,1,0,1
